file,classes,properties,combined
/media/nvme7n1/lniederberger/models/GLaMoR/GLaMoR-DataPipeline/data/ont_modules/University0_www_Department0_University0_edu.owl,13,12,25
/media/nvme7n1/lniederberger/models/GLaMoR/GLaMoR-DataPipeline/data/ont_modules/University0_www_Department10_University0_edu.owl,13,12,25
/media/nvme7n1/lniederberger/models/GLaMoR/GLaMoR-DataPipeline/data/ont_modules/University0_www_Department11_University0_edu.owl,13,12,25
/media/nvme7n1/lniederberger/models/GLaMoR/GLaMoR-DataPipeline/data/ont_modules/University0_www_Department12_University0_edu.owl,13,12,25
/media/nvme7n1/lniederberger/models/GLaMoR/GLaMoR-DataPipeline/data/ont_modules/University0_www_Department13_University0_edu.owl,13,12,25
/media/nvme7n1/lniederberger/models/GLaMoR/GLaMoR-DataPipeline/data/ont_modules/University0_www_Department14_University0_edu.owl,13,12,25
/media/nvme7n1/lniederberger/models/GLaMoR/GLaMoR-DataPipeline/data/ont_modules/University0_www_Department1_University0_edu.owl,13,12,25
/media/nvme7n1/lniederberger/models/GLaMoR/GLaMoR-DataPipeline/data/ont_modules/University0_www_Department2_University0_edu.owl,13,12,25
/media/nvme7n1/lniederberger/models/GLaMoR/GLaMoR-DataPipeline/data/ont_modules/University0_www_Department3_University0_edu.owl,13,12,25
/media/nvme7n1/lniederberger/models/GLaMoR/GLaMoR-DataPipeline/data/ont_modules/University0_www_Department4_University0_edu.owl,13,12,25
/media/nvme7n1/lniederberger/models/GLaMoR/GLaMoR-DataPipeline/data/ont_modules/University0_www_Department5_University0_edu.owl,13,12,25
/media/nvme7n1/lniederberger/models/GLaMoR/GLaMoR-DataPipeline/data/ont_modules/University0_www_Department6_University0_edu.owl,13,12,25
/media/nvme7n1/lniederberger/models/GLaMoR/GLaMoR-DataPipeline/data/ont_modules/University0_www_Department7_University0_edu.owl,13,12,25
/media/nvme7n1/lniederberger/models/GLaMoR/GLaMoR-DataPipeline/data/ont_modules/University0_www_Department8_University0_edu.owl,13,12,25
/media/nvme7n1/lniederberger/models/GLaMoR/GLaMoR-DataPipeline/data/ont_modules/University0_www_Department9_University0_edu.owl,13,12,25
/media/nvme7n1/lniederberger/models/GLaMoR/GLaMoR-DataPipeline/data/ont_modules/University10_www_Department0_University10_edu.owl,13,12,25
/media/nvme7n1/lniederberger/models/GLaMoR/GLaMoR-DataPipeline/data/ont_modules/University10_www_Department10_University10_edu.owl,13,12,25
/media/nvme7n1/lniederberger/models/GLaMoR/GLaMoR-DataPipeline/data/ont_modules/University10_www_Department11_University10_edu.owl,13,12,25
/media/nvme7n1/lniederberger/models/GLaMoR/GLaMoR-DataPipeline/data/ont_modules/University10_www_Department12_University10_edu.owl,13,12,25
/media/nvme7n1/lniederberger/models/GLaMoR/GLaMoR-DataPipeline/data/ont_modules/University10_www_Department13_University10_edu.owl,13,12,25
/media/nvme7n1/lniederberger/models/GLaMoR/GLaMoR-DataPipeline/data/ont_modules/University10_www_Department14_University10_edu.owl,13,12,25
/media/nvme7n1/lniederberger/models/GLaMoR/GLaMoR-DataPipeline/data/ont_modules/University10_www_Department15_University10_edu.owl,13,12,25
/media/nvme7n1/lniederberger/models/GLaMoR/GLaMoR-DataPipeline/data/ont_modules/University10_www_Department16_University10_edu.owl,13,12,25
/media/nvme7n1/lniederberger/models/GLaMoR/GLaMoR-DataPipeline/data/ont_modules/University10_www_Department17_University10_edu.owl,13,12,25
/media/nvme7n1/lniederberger/models/GLaMoR/GLaMoR-DataPipeline/data/ont_modules/University10_www_Department18_University10_edu.owl,13,12,25
/media/nvme7n1/lniederberger/models/GLaMoR/GLaMoR-DataPipeline/data/ont_modules/University10_www_Department19_University10_edu.owl,13,12,25
/media/nvme7n1/lniederberger/models/GLaMoR/GLaMoR-DataPipeline/data/ont_modules/University10_www_Department1_University10_edu.owl,13,12,25
/media/nvme7n1/lniederberger/models/GLaMoR/GLaMoR-DataPipeline/data/ont_modules/University10_www_Department2_University10_edu.owl,13,12,25
/media/nvme7n1/lniederberger/models/GLaMoR/GLaMoR-DataPipeline/data/ont_modules/University10_www_Department3_University10_edu.owl,13,12,25
/media/nvme7n1/lniederberger/models/GLaMoR/GLaMoR-DataPipeline/data/ont_modules/University10_www_Department4_University10_edu.owl,13,12,25
/media/nvme7n1/lniederberger/models/GLaMoR/GLaMoR-DataPipeline/data/ont_modules/University10_www_Department5_University10_edu.owl,13,12,25
/media/nvme7n1/lniederberger/models/GLaMoR/GLaMoR-DataPipeline/data/ont_modules/University10_www_Department6_University10_edu.owl,13,12,25
/media/nvme7n1/lniederberger/models/GLaMoR/GLaMoR-DataPipeline/data/ont_modules/University10_www_Department7_University10_edu.owl,13,12,25
/media/nvme7n1/lniederberger/models/GLaMoR/GLaMoR-DataPipeline/data/ont_modules/University10_www_Department8_University10_edu.owl,13,12,25
/media/nvme7n1/lniederberger/models/GLaMoR/GLaMoR-DataPipeline/data/ont_modules/University10_www_Department9_University10_edu.owl,13,12,25
/media/nvme7n1/lniederberger/models/GLaMoR/GLaMoR-DataPipeline/data/ont_modules/University11_www_Department0_University11_edu.owl,13,12,25
/media/nvme7n1/lniederberger/models/GLaMoR/GLaMoR-DataPipeline/data/ont_modules/University11_www_Department10_University11_edu.owl,13,12,25
/media/nvme7n1/lniederberger/models/GLaMoR/GLaMoR-DataPipeline/data/ont_modules/University11_www_Department11_University11_edu.owl,13,12,25
/media/nvme7n1/lniederberger/models/GLaMoR/GLaMoR-DataPipeline/data/ont_modules/University11_www_Department12_University11_edu.owl,13,12,25
/media/nvme7n1/lniederberger/models/GLaMoR/GLaMoR-DataPipeline/data/ont_modules/University11_www_Department13_University11_edu.owl,13,12,25
/media/nvme7n1/lniederberger/models/GLaMoR/GLaMoR-DataPipeline/data/ont_modules/University11_www_Department14_University11_edu.owl,13,12,25
/media/nvme7n1/lniederberger/models/GLaMoR/GLaMoR-DataPipeline/data/ont_modules/University11_www_Department15_University11_edu.owl,13,12,25
/media/nvme7n1/lniederberger/models/GLaMoR/GLaMoR-DataPipeline/data/ont_modules/University11_www_Department16_University11_edu.owl,13,12,25
/media/nvme7n1/lniederberger/models/GLaMoR/GLaMoR-DataPipeline/data/ont_modules/University11_www_Department17_University11_edu.owl,13,12,25
/media/nvme7n1/lniederberger/models/GLaMoR/GLaMoR-DataPipeline/data/ont_modules/University11_www_Department18_University11_edu.owl,13,12,25
/media/nvme7n1/lniederberger/models/GLaMoR/GLaMoR-DataPipeline/data/ont_modules/University11_www_Department19_University11_edu.owl,13,12,25
/media/nvme7n1/lniederberger/models/GLaMoR/GLaMoR-DataPipeline/data/ont_modules/University11_www_Department1_University11_edu.owl,13,12,25
/media/nvme7n1/lniederberger/models/GLaMoR/GLaMoR-DataPipeline/data/ont_modules/University11_www_Department20_University11_edu.owl,13,12,25
/media/nvme7n1/lniederberger/models/GLaMoR/GLaMoR-DataPipeline/data/ont_modules/University11_www_Department21_University11_edu.owl,13,12,25
/media/nvme7n1/lniederberger/models/GLaMoR/GLaMoR-DataPipeline/data/ont_modules/University11_www_Department22_University11_edu.owl,13,12,25
/media/nvme7n1/lniederberger/models/GLaMoR/GLaMoR-DataPipeline/data/ont_modules/University11_www_Department23_University11_edu.owl,13,12,25
/media/nvme7n1/lniederberger/models/GLaMoR/GLaMoR-DataPipeline/data/ont_modules/University11_www_Department2_University11_edu.owl,13,12,25
/media/nvme7n1/lniederberger/models/GLaMoR/GLaMoR-DataPipeline/data/ont_modules/University11_www_Department3_University11_edu.owl,13,12,25
/media/nvme7n1/lniederberger/models/GLaMoR/GLaMoR-DataPipeline/data/ont_modules/University11_www_Department4_University11_edu.owl,13,12,25
/media/nvme7n1/lniederberger/models/GLaMoR/GLaMoR-DataPipeline/data/ont_modules/University11_www_Department5_University11_edu.owl,13,12,25
/media/nvme7n1/lniederberger/models/GLaMoR/GLaMoR-DataPipeline/data/ont_modules/University11_www_Department6_University11_edu.owl,13,12,25
/media/nvme7n1/lniederberger/models/GLaMoR/GLaMoR-DataPipeline/data/ont_modules/University11_www_Department7_University11_edu.owl,13,12,25
/media/nvme7n1/lniederberger/models/GLaMoR/GLaMoR-DataPipeline/data/ont_modules/University11_www_Department8_University11_edu.owl,13,12,25
/media/nvme7n1/lniederberger/models/GLaMoR/GLaMoR-DataPipeline/data/ont_modules/University11_www_Department9_University11_edu.owl,13,12,25
/media/nvme7n1/lniederberger/models/GLaMoR/GLaMoR-DataPipeline/data/ont_modules/University12_www_Department0_University12_edu.owl,13,12,25
/media/nvme7n1/lniederberger/models/GLaMoR/GLaMoR-DataPipeline/data/ont_modules/University12_www_Department10_University12_edu.owl,13,12,25
/media/nvme7n1/lniederberger/models/GLaMoR/GLaMoR-DataPipeline/data/ont_modules/University12_www_Department11_University12_edu.owl,13,12,25
/media/nvme7n1/lniederberger/models/GLaMoR/GLaMoR-DataPipeline/data/ont_modules/University12_www_Department12_University12_edu.owl,13,12,25
/media/nvme7n1/lniederberger/models/GLaMoR/GLaMoR-DataPipeline/data/ont_modules/University12_www_Department13_University12_edu.owl,13,12,25
/media/nvme7n1/lniederberger/models/GLaMoR/GLaMoR-DataPipeline/data/ont_modules/University12_www_Department14_University12_edu.owl,13,12,25
/media/nvme7n1/lniederberger/models/GLaMoR/GLaMoR-DataPipeline/data/ont_modules/University12_www_Department15_University12_edu.owl,13,12,25
/media/nvme7n1/lniederberger/models/GLaMoR/GLaMoR-DataPipeline/data/ont_modules/University12_www_Department16_University12_edu.owl,13,12,25
/media/nvme7n1/lniederberger/models/GLaMoR/GLaMoR-DataPipeline/data/ont_modules/University12_www_Department17_University12_edu.owl,13,12,25
/media/nvme7n1/lniederberger/models/GLaMoR/GLaMoR-DataPipeline/data/ont_modules/University12_www_Department18_University12_edu.owl,13,12,25
/media/nvme7n1/lniederberger/models/GLaMoR/GLaMoR-DataPipeline/data/ont_modules/University12_www_Department19_University12_edu.owl,13,12,25
/media/nvme7n1/lniederberger/models/GLaMoR/GLaMoR-DataPipeline/data/ont_modules/University12_www_Department1_University12_edu.owl,13,12,25
/media/nvme7n1/lniederberger/models/GLaMoR/GLaMoR-DataPipeline/data/ont_modules/University12_www_Department20_University12_edu.owl,13,12,25
/media/nvme7n1/lniederberger/models/GLaMoR/GLaMoR-DataPipeline/data/ont_modules/University12_www_Department21_University12_edu.owl,13,12,25
/media/nvme7n1/lniederberger/models/GLaMoR/GLaMoR-DataPipeline/data/ont_modules/University12_www_Department22_University12_edu.owl,13,12,25
/media/nvme7n1/lniederberger/models/GLaMoR/GLaMoR-DataPipeline/data/ont_modules/University12_www_Department23_University12_edu.owl,13,12,25
/media/nvme7n1/lniederberger/models/GLaMoR/GLaMoR-DataPipeline/data/ont_modules/University12_www_Department24_University12_edu.owl,13,12,25
/media/nvme7n1/lniederberger/models/GLaMoR/GLaMoR-DataPipeline/data/ont_modules/University12_www_Department2_University12_edu.owl,13,12,25
/media/nvme7n1/lniederberger/models/GLaMoR/GLaMoR-DataPipeline/data/ont_modules/University12_www_Department3_University12_edu.owl,13,12,25
/media/nvme7n1/lniederberger/models/GLaMoR/GLaMoR-DataPipeline/data/ont_modules/University12_www_Department4_University12_edu.owl,13,12,25
/media/nvme7n1/lniederberger/models/GLaMoR/GLaMoR-DataPipeline/data/ont_modules/University12_www_Department5_University12_edu.owl,13,12,25
/media/nvme7n1/lniederberger/models/GLaMoR/GLaMoR-DataPipeline/data/ont_modules/University12_www_Department6_University12_edu.owl,13,12,25
/media/nvme7n1/lniederberger/models/GLaMoR/GLaMoR-DataPipeline/data/ont_modules/University12_www_Department7_University12_edu.owl,13,12,25
/media/nvme7n1/lniederberger/models/GLaMoR/GLaMoR-DataPipeline/data/ont_modules/University12_www_Department8_University12_edu.owl,13,12,25
/media/nvme7n1/lniederberger/models/GLaMoR/GLaMoR-DataPipeline/data/ont_modules/University12_www_Department9_University12_edu.owl,13,12,25
/media/nvme7n1/lniederberger/models/GLaMoR/GLaMoR-DataPipeline/data/ont_modules/University13_www_Department0_University13_edu.owl,13,12,25
/media/nvme7n1/lniederberger/models/GLaMoR/GLaMoR-DataPipeline/data/ont_modules/University13_www_Department10_University13_edu.owl,13,12,25
/media/nvme7n1/lniederberger/models/GLaMoR/GLaMoR-DataPipeline/data/ont_modules/University13_www_Department11_University13_edu.owl,13,12,25
/media/nvme7n1/lniederberger/models/GLaMoR/GLaMoR-DataPipeline/data/ont_modules/University13_www_Department12_University13_edu.owl,13,12,25
/media/nvme7n1/lniederberger/models/GLaMoR/GLaMoR-DataPipeline/data/ont_modules/University13_www_Department13_University13_edu.owl,13,12,25
/media/nvme7n1/lniederberger/models/GLaMoR/GLaMoR-DataPipeline/data/ont_modules/University13_www_Department14_University13_edu.owl,13,12,25
/media/nvme7n1/lniederberger/models/GLaMoR/GLaMoR-DataPipeline/data/ont_modules/University13_www_Department15_University13_edu.owl,13,12,25
/media/nvme7n1/lniederberger/models/GLaMoR/GLaMoR-DataPipeline/data/ont_modules/University13_www_Department16_University13_edu.owl,13,12,25
/media/nvme7n1/lniederberger/models/GLaMoR/GLaMoR-DataPipeline/data/ont_modules/University13_www_Department17_University13_edu.owl,13,12,25
/media/nvme7n1/lniederberger/models/GLaMoR/GLaMoR-DataPipeline/data/ont_modules/University13_www_Department18_University13_edu.owl,13,12,25
/media/nvme7n1/lniederberger/models/GLaMoR/GLaMoR-DataPipeline/data/ont_modules/University13_www_Department1_University13_edu.owl,13,12,25
/media/nvme7n1/lniederberger/models/GLaMoR/GLaMoR-DataPipeline/data/ont_modules/University13_www_Department2_University13_edu.owl,13,12,25
/media/nvme7n1/lniederberger/models/GLaMoR/GLaMoR-DataPipeline/data/ont_modules/University13_www_Department3_University13_edu.owl,13,12,25
/media/nvme7n1/lniederberger/models/GLaMoR/GLaMoR-DataPipeline/data/ont_modules/University13_www_Department4_University13_edu.owl,13,12,25
/media/nvme7n1/lniederberger/models/GLaMoR/GLaMoR-DataPipeline/data/ont_modules/University13_www_Department5_University13_edu.owl,13,12,25
/media/nvme7n1/lniederberger/models/GLaMoR/GLaMoR-DataPipeline/data/ont_modules/University13_www_Department6_University13_edu.owl,13,12,25
/media/nvme7n1/lniederberger/models/GLaMoR/GLaMoR-DataPipeline/data/ont_modules/University13_www_Department7_University13_edu.owl,13,12,25
/media/nvme7n1/lniederberger/models/GLaMoR/GLaMoR-DataPipeline/data/ont_modules/University13_www_Department8_University13_edu.owl,13,12,25
/media/nvme7n1/lniederberger/models/GLaMoR/GLaMoR-DataPipeline/data/ont_modules/University13_www_Department9_University13_edu.owl,13,12,25
/media/nvme7n1/lniederberger/models/GLaMoR/GLaMoR-DataPipeline/data/ont_modules/University14_www_Department0_University14_edu.owl,13,12,25
/media/nvme7n1/lniederberger/models/GLaMoR/GLaMoR-DataPipeline/data/ont_modules/University14_www_Department10_University14_edu.owl,13,12,25
/media/nvme7n1/lniederberger/models/GLaMoR/GLaMoR-DataPipeline/data/ont_modules/University14_www_Department11_University14_edu.owl,13,12,25
/media/nvme7n1/lniederberger/models/GLaMoR/GLaMoR-DataPipeline/data/ont_modules/University14_www_Department12_University14_edu.owl,13,12,25
/media/nvme7n1/lniederberger/models/GLaMoR/GLaMoR-DataPipeline/data/ont_modules/University14_www_Department13_University14_edu.owl,13,12,25
/media/nvme7n1/lniederberger/models/GLaMoR/GLaMoR-DataPipeline/data/ont_modules/University14_www_Department14_University14_edu.owl,13,12,25
/media/nvme7n1/lniederberger/models/GLaMoR/GLaMoR-DataPipeline/data/ont_modules/University14_www_Department15_University14_edu.owl,13,12,25
/media/nvme7n1/lniederberger/models/GLaMoR/GLaMoR-DataPipeline/data/ont_modules/University14_www_Department1_University14_edu.owl,13,12,25
/media/nvme7n1/lniederberger/models/GLaMoR/GLaMoR-DataPipeline/data/ont_modules/University14_www_Department2_University14_edu.owl,13,12,25
/media/nvme7n1/lniederberger/models/GLaMoR/GLaMoR-DataPipeline/data/ont_modules/University14_www_Department3_University14_edu.owl,13,12,25
/media/nvme7n1/lniederberger/models/GLaMoR/GLaMoR-DataPipeline/data/ont_modules/University14_www_Department4_University14_edu.owl,13,12,25
/media/nvme7n1/lniederberger/models/GLaMoR/GLaMoR-DataPipeline/data/ont_modules/University14_www_Department5_University14_edu.owl,13,12,25
/media/nvme7n1/lniederberger/models/GLaMoR/GLaMoR-DataPipeline/data/ont_modules/University14_www_Department6_University14_edu.owl,13,12,25
/media/nvme7n1/lniederberger/models/GLaMoR/GLaMoR-DataPipeline/data/ont_modules/University14_www_Department7_University14_edu.owl,13,12,25
/media/nvme7n1/lniederberger/models/GLaMoR/GLaMoR-DataPipeline/data/ont_modules/University14_www_Department8_University14_edu.owl,13,12,25
/media/nvme7n1/lniederberger/models/GLaMoR/GLaMoR-DataPipeline/data/ont_modules/University14_www_Department9_University14_edu.owl,13,12,25
/media/nvme7n1/lniederberger/models/GLaMoR/GLaMoR-DataPipeline/data/ont_modules/University15_www_Department0_University15_edu.owl,13,12,25
/media/nvme7n1/lniederberger/models/GLaMoR/GLaMoR-DataPipeline/data/ont_modules/University15_www_Department10_University15_edu.owl,13,12,25
/media/nvme7n1/lniederberger/models/GLaMoR/GLaMoR-DataPipeline/data/ont_modules/University15_www_Department11_University15_edu.owl,13,12,25
/media/nvme7n1/lniederberger/models/GLaMoR/GLaMoR-DataPipeline/data/ont_modules/University15_www_Department12_University15_edu.owl,13,12,25
/media/nvme7n1/lniederberger/models/GLaMoR/GLaMoR-DataPipeline/data/ont_modules/University15_www_Department13_University15_edu.owl,13,12,25
/media/nvme7n1/lniederberger/models/GLaMoR/GLaMoR-DataPipeline/data/ont_modules/University15_www_Department14_University15_edu.owl,13,12,25
/media/nvme7n1/lniederberger/models/GLaMoR/GLaMoR-DataPipeline/data/ont_modules/University15_www_Department15_University15_edu.owl,13,12,25
/media/nvme7n1/lniederberger/models/GLaMoR/GLaMoR-DataPipeline/data/ont_modules/University15_www_Department16_University15_edu.owl,13,12,25
/media/nvme7n1/lniederberger/models/GLaMoR/GLaMoR-DataPipeline/data/ont_modules/University15_www_Department17_University15_edu.owl,13,12,25
/media/nvme7n1/lniederberger/models/GLaMoR/GLaMoR-DataPipeline/data/ont_modules/University15_www_Department18_University15_edu.owl,13,12,25
/media/nvme7n1/lniederberger/models/GLaMoR/GLaMoR-DataPipeline/data/ont_modules/University15_www_Department19_University15_edu.owl,13,12,25
/media/nvme7n1/lniederberger/models/GLaMoR/GLaMoR-DataPipeline/data/ont_modules/University15_www_Department1_University15_edu.owl,13,12,25
/media/nvme7n1/lniederberger/models/GLaMoR/GLaMoR-DataPipeline/data/ont_modules/University15_www_Department20_University15_edu.owl,13,12,25
/media/nvme7n1/lniederberger/models/GLaMoR/GLaMoR-DataPipeline/data/ont_modules/University15_www_Department2_University15_edu.owl,13,12,25
/media/nvme7n1/lniederberger/models/GLaMoR/GLaMoR-DataPipeline/data/ont_modules/University15_www_Department3_University15_edu.owl,13,12,25
/media/nvme7n1/lniederberger/models/GLaMoR/GLaMoR-DataPipeline/data/ont_modules/University15_www_Department4_University15_edu.owl,13,12,25
/media/nvme7n1/lniederberger/models/GLaMoR/GLaMoR-DataPipeline/data/ont_modules/University15_www_Department5_University15_edu.owl,13,12,25
/media/nvme7n1/lniederberger/models/GLaMoR/GLaMoR-DataPipeline/data/ont_modules/University15_www_Department6_University15_edu.owl,13,12,25
/media/nvme7n1/lniederberger/models/GLaMoR/GLaMoR-DataPipeline/data/ont_modules/University15_www_Department7_University15_edu.owl,13,12,25
/media/nvme7n1/lniederberger/models/GLaMoR/GLaMoR-DataPipeline/data/ont_modules/University15_www_Department8_University15_edu.owl,13,12,25
/media/nvme7n1/lniederberger/models/GLaMoR/GLaMoR-DataPipeline/data/ont_modules/University15_www_Department9_University15_edu.owl,13,12,25
/media/nvme7n1/lniederberger/models/GLaMoR/GLaMoR-DataPipeline/data/ont_modules/University16_www_Department0_University16_edu.owl,13,12,25
/media/nvme7n1/lniederberger/models/GLaMoR/GLaMoR-DataPipeline/data/ont_modules/University16_www_Department10_University16_edu.owl,13,12,25
/media/nvme7n1/lniederberger/models/GLaMoR/GLaMoR-DataPipeline/data/ont_modules/University16_www_Department11_University16_edu.owl,13,12,25
/media/nvme7n1/lniederberger/models/GLaMoR/GLaMoR-DataPipeline/data/ont_modules/University16_www_Department12_University16_edu.owl,13,12,25
/media/nvme7n1/lniederberger/models/GLaMoR/GLaMoR-DataPipeline/data/ont_modules/University16_www_Department13_University16_edu.owl,13,12,25
/media/nvme7n1/lniederberger/models/GLaMoR/GLaMoR-DataPipeline/data/ont_modules/University16_www_Department14_University16_edu.owl,13,12,25
/media/nvme7n1/lniederberger/models/GLaMoR/GLaMoR-DataPipeline/data/ont_modules/University16_www_Department15_University16_edu.owl,13,12,25
/media/nvme7n1/lniederberger/models/GLaMoR/GLaMoR-DataPipeline/data/ont_modules/University16_www_Department16_University16_edu.owl,13,12,25
/media/nvme7n1/lniederberger/models/GLaMoR/GLaMoR-DataPipeline/data/ont_modules/University16_www_Department17_University16_edu.owl,13,12,25
/media/nvme7n1/lniederberger/models/GLaMoR/GLaMoR-DataPipeline/data/ont_modules/University16_www_Department18_University16_edu.owl,13,12,25
/media/nvme7n1/lniederberger/models/GLaMoR/GLaMoR-DataPipeline/data/ont_modules/University16_www_Department1_University16_edu.owl,13,12,25
/media/nvme7n1/lniederberger/models/GLaMoR/GLaMoR-DataPipeline/data/ont_modules/University16_www_Department2_University16_edu.owl,13,12,25
/media/nvme7n1/lniederberger/models/GLaMoR/GLaMoR-DataPipeline/data/ont_modules/University16_www_Department3_University16_edu.owl,13,12,25
/media/nvme7n1/lniederberger/models/GLaMoR/GLaMoR-DataPipeline/data/ont_modules/University16_www_Department4_University16_edu.owl,13,12,25
/media/nvme7n1/lniederberger/models/GLaMoR/GLaMoR-DataPipeline/data/ont_modules/University16_www_Department5_University16_edu.owl,13,12,25
/media/nvme7n1/lniederberger/models/GLaMoR/GLaMoR-DataPipeline/data/ont_modules/University16_www_Department6_University16_edu.owl,13,12,25
/media/nvme7n1/lniederberger/models/GLaMoR/GLaMoR-DataPipeline/data/ont_modules/University16_www_Department7_University16_edu.owl,13,12,25
/media/nvme7n1/lniederberger/models/GLaMoR/GLaMoR-DataPipeline/data/ont_modules/University16_www_Department8_University16_edu.owl,13,12,25
/media/nvme7n1/lniederberger/models/GLaMoR/GLaMoR-DataPipeline/data/ont_modules/University16_www_Department9_University16_edu.owl,13,12,25
/media/nvme7n1/lniederberger/models/GLaMoR/GLaMoR-DataPipeline/data/ont_modules/University17_www_Department0_University17_edu.owl,13,12,25
/media/nvme7n1/lniederberger/models/GLaMoR/GLaMoR-DataPipeline/data/ont_modules/University17_www_Department10_University17_edu.owl,13,12,25
/media/nvme7n1/lniederberger/models/GLaMoR/GLaMoR-DataPipeline/data/ont_modules/University17_www_Department11_University17_edu.owl,13,12,25
/media/nvme7n1/lniederberger/models/GLaMoR/GLaMoR-DataPipeline/data/ont_modules/University17_www_Department12_University17_edu.owl,13,12,25
/media/nvme7n1/lniederberger/models/GLaMoR/GLaMoR-DataPipeline/data/ont_modules/University17_www_Department13_University17_edu.owl,13,12,25
/media/nvme7n1/lniederberger/models/GLaMoR/GLaMoR-DataPipeline/data/ont_modules/University17_www_Department14_University17_edu.owl,13,12,25
/media/nvme7n1/lniederberger/models/GLaMoR/GLaMoR-DataPipeline/data/ont_modules/University17_www_Department15_University17_edu.owl,13,12,25
/media/nvme7n1/lniederberger/models/GLaMoR/GLaMoR-DataPipeline/data/ont_modules/University17_www_Department16_University17_edu.owl,13,12,25
/media/nvme7n1/lniederberger/models/GLaMoR/GLaMoR-DataPipeline/data/ont_modules/University17_www_Department17_University17_edu.owl,13,12,25
/media/nvme7n1/lniederberger/models/GLaMoR/GLaMoR-DataPipeline/data/ont_modules/University17_www_Department18_University17_edu.owl,13,12,25
/media/nvme7n1/lniederberger/models/GLaMoR/GLaMoR-DataPipeline/data/ont_modules/University17_www_Department19_University17_edu.owl,13,12,25
/media/nvme7n1/lniederberger/models/GLaMoR/GLaMoR-DataPipeline/data/ont_modules/University17_www_Department1_University17_edu.owl,13,12,25
/media/nvme7n1/lniederberger/models/GLaMoR/GLaMoR-DataPipeline/data/ont_modules/University17_www_Department20_University17_edu.owl,13,12,25
/media/nvme7n1/lniederberger/models/GLaMoR/GLaMoR-DataPipeline/data/ont_modules/University17_www_Department21_University17_edu.owl,13,12,25
/media/nvme7n1/lniederberger/models/GLaMoR/GLaMoR-DataPipeline/data/ont_modules/University17_www_Department22_University17_edu.owl,13,12,25
/media/nvme7n1/lniederberger/models/GLaMoR/GLaMoR-DataPipeline/data/ont_modules/University17_www_Department2_University17_edu.owl,13,12,25
/media/nvme7n1/lniederberger/models/GLaMoR/GLaMoR-DataPipeline/data/ont_modules/University17_www_Department3_University17_edu.owl,13,12,25
/media/nvme7n1/lniederberger/models/GLaMoR/GLaMoR-DataPipeline/data/ont_modules/University17_www_Department4_University17_edu.owl,13,12,25
/media/nvme7n1/lniederberger/models/GLaMoR/GLaMoR-DataPipeline/data/ont_modules/University17_www_Department5_University17_edu.owl,13,12,25
/media/nvme7n1/lniederberger/models/GLaMoR/GLaMoR-DataPipeline/data/ont_modules/University17_www_Department6_University17_edu.owl,13,12,25
/media/nvme7n1/lniederberger/models/GLaMoR/GLaMoR-DataPipeline/data/ont_modules/University17_www_Department7_University17_edu.owl,13,12,25
/media/nvme7n1/lniederberger/models/GLaMoR/GLaMoR-DataPipeline/data/ont_modules/University17_www_Department8_University17_edu.owl,13,12,25
/media/nvme7n1/lniederberger/models/GLaMoR/GLaMoR-DataPipeline/data/ont_modules/University17_www_Department9_University17_edu.owl,13,12,25
/media/nvme7n1/lniederberger/models/GLaMoR/GLaMoR-DataPipeline/data/ont_modules/University18_www_Department0_University18_edu.owl,13,12,25
/media/nvme7n1/lniederberger/models/GLaMoR/GLaMoR-DataPipeline/data/ont_modules/University18_www_Department10_University18_edu.owl,13,12,25
/media/nvme7n1/lniederberger/models/GLaMoR/GLaMoR-DataPipeline/data/ont_modules/University18_www_Department11_University18_edu.owl,13,12,25
/media/nvme7n1/lniederberger/models/GLaMoR/GLaMoR-DataPipeline/data/ont_modules/University18_www_Department12_University18_edu.owl,13,12,25
/media/nvme7n1/lniederberger/models/GLaMoR/GLaMoR-DataPipeline/data/ont_modules/University18_www_Department13_University18_edu.owl,13,12,25
/media/nvme7n1/lniederberger/models/GLaMoR/GLaMoR-DataPipeline/data/ont_modules/University18_www_Department14_University18_edu.owl,13,12,25
/media/nvme7n1/lniederberger/models/GLaMoR/GLaMoR-DataPipeline/data/ont_modules/University18_www_Department15_University18_edu.owl,13,12,25
/media/nvme7n1/lniederberger/models/GLaMoR/GLaMoR-DataPipeline/data/ont_modules/University18_www_Department16_University18_edu.owl,13,12,25
/media/nvme7n1/lniederberger/models/GLaMoR/GLaMoR-DataPipeline/data/ont_modules/University18_www_Department17_University18_edu.owl,13,12,25
/media/nvme7n1/lniederberger/models/GLaMoR/GLaMoR-DataPipeline/data/ont_modules/University18_www_Department18_University18_edu.owl,13,12,25
/media/nvme7n1/lniederberger/models/GLaMoR/GLaMoR-DataPipeline/data/ont_modules/University18_www_Department19_University18_edu.owl,13,12,25
/media/nvme7n1/lniederberger/models/GLaMoR/GLaMoR-DataPipeline/data/ont_modules/University18_www_Department1_University18_edu.owl,13,12,25
/media/nvme7n1/lniederberger/models/GLaMoR/GLaMoR-DataPipeline/data/ont_modules/University18_www_Department20_University18_edu.owl,13,12,25
/media/nvme7n1/lniederberger/models/GLaMoR/GLaMoR-DataPipeline/data/ont_modules/University18_www_Department2_University18_edu.owl,13,12,25
/media/nvme7n1/lniederberger/models/GLaMoR/GLaMoR-DataPipeline/data/ont_modules/University18_www_Department3_University18_edu.owl,13,12,25
/media/nvme7n1/lniederberger/models/GLaMoR/GLaMoR-DataPipeline/data/ont_modules/University18_www_Department4_University18_edu.owl,13,12,25
/media/nvme7n1/lniederberger/models/GLaMoR/GLaMoR-DataPipeline/data/ont_modules/University18_www_Department5_University18_edu.owl,13,12,25
/media/nvme7n1/lniederberger/models/GLaMoR/GLaMoR-DataPipeline/data/ont_modules/University18_www_Department6_University18_edu.owl,13,12,25
/media/nvme7n1/lniederberger/models/GLaMoR/GLaMoR-DataPipeline/data/ont_modules/University18_www_Department7_University18_edu.owl,13,12,25
/media/nvme7n1/lniederberger/models/GLaMoR/GLaMoR-DataPipeline/data/ont_modules/University18_www_Department8_University18_edu.owl,13,12,25
/media/nvme7n1/lniederberger/models/GLaMoR/GLaMoR-DataPipeline/data/ont_modules/University18_www_Department9_University18_edu.owl,13,12,25
/media/nvme7n1/lniederberger/models/GLaMoR/GLaMoR-DataPipeline/data/ont_modules/University19_www_Department0_University19_edu.owl,13,12,25
/media/nvme7n1/lniederberger/models/GLaMoR/GLaMoR-DataPipeline/data/ont_modules/University19_www_Department10_University19_edu.owl,13,12,25
/media/nvme7n1/lniederberger/models/GLaMoR/GLaMoR-DataPipeline/data/ont_modules/University19_www_Department11_University19_edu.owl,13,12,25
/media/nvme7n1/lniederberger/models/GLaMoR/GLaMoR-DataPipeline/data/ont_modules/University19_www_Department12_University19_edu.owl,13,12,25
/media/nvme7n1/lniederberger/models/GLaMoR/GLaMoR-DataPipeline/data/ont_modules/University19_www_Department13_University19_edu.owl,13,12,25
/media/nvme7n1/lniederberger/models/GLaMoR/GLaMoR-DataPipeline/data/ont_modules/University19_www_Department14_University19_edu.owl,13,12,25
/media/nvme7n1/lniederberger/models/GLaMoR/GLaMoR-DataPipeline/data/ont_modules/University19_www_Department15_University19_edu.owl,13,12,25
/media/nvme7n1/lniederberger/models/GLaMoR/GLaMoR-DataPipeline/data/ont_modules/University19_www_Department16_University19_edu.owl,13,12,25
/media/nvme7n1/lniederberger/models/GLaMoR/GLaMoR-DataPipeline/data/ont_modules/University19_www_Department17_University19_edu.owl,13,12,25
/media/nvme7n1/lniederberger/models/GLaMoR/GLaMoR-DataPipeline/data/ont_modules/University19_www_Department18_University19_edu.owl,13,12,25
/media/nvme7n1/lniederberger/models/GLaMoR/GLaMoR-DataPipeline/data/ont_modules/University19_www_Department19_University19_edu.owl,13,12,25
/media/nvme7n1/lniederberger/models/GLaMoR/GLaMoR-DataPipeline/data/ont_modules/University19_www_Department1_University19_edu.owl,13,12,25
/media/nvme7n1/lniederberger/models/GLaMoR/GLaMoR-DataPipeline/data/ont_modules/University19_www_Department20_University19_edu.owl,13,12,25
/media/nvme7n1/lniederberger/models/GLaMoR/GLaMoR-DataPipeline/data/ont_modules/University19_www_Department21_University19_edu.owl,13,12,25
/media/nvme7n1/lniederberger/models/GLaMoR/GLaMoR-DataPipeline/data/ont_modules/University19_www_Department22_University19_edu.owl,13,12,25
/media/nvme7n1/lniederberger/models/GLaMoR/GLaMoR-DataPipeline/data/ont_modules/University19_www_Department23_University19_edu.owl,13,12,25
/media/nvme7n1/lniederberger/models/GLaMoR/GLaMoR-DataPipeline/data/ont_modules/University19_www_Department24_University19_edu.owl,13,12,25
/media/nvme7n1/lniederberger/models/GLaMoR/GLaMoR-DataPipeline/data/ont_modules/University19_www_Department2_University19_edu.owl,13,12,25
/media/nvme7n1/lniederberger/models/GLaMoR/GLaMoR-DataPipeline/data/ont_modules/University19_www_Department3_University19_edu.owl,13,12,25
/media/nvme7n1/lniederberger/models/GLaMoR/GLaMoR-DataPipeline/data/ont_modules/University19_www_Department4_University19_edu.owl,13,12,25
/media/nvme7n1/lniederberger/models/GLaMoR/GLaMoR-DataPipeline/data/ont_modules/University19_www_Department5_University19_edu.owl,13,12,25
/media/nvme7n1/lniederberger/models/GLaMoR/GLaMoR-DataPipeline/data/ont_modules/University19_www_Department6_University19_edu.owl,13,12,25
/media/nvme7n1/lniederberger/models/GLaMoR/GLaMoR-DataPipeline/data/ont_modules/University19_www_Department7_University19_edu.owl,13,12,25
/media/nvme7n1/lniederberger/models/GLaMoR/GLaMoR-DataPipeline/data/ont_modules/University19_www_Department8_University19_edu.owl,13,12,25
/media/nvme7n1/lniederberger/models/GLaMoR/GLaMoR-DataPipeline/data/ont_modules/University19_www_Department9_University19_edu.owl,13,12,25
/media/nvme7n1/lniederberger/models/GLaMoR/GLaMoR-DataPipeline/data/ont_modules/University1_www_Department0_University1_edu.owl,13,12,25
/media/nvme7n1/lniederberger/models/GLaMoR/GLaMoR-DataPipeline/data/ont_modules/University1_www_Department10_University1_edu.owl,13,12,25
/media/nvme7n1/lniederberger/models/GLaMoR/GLaMoR-DataPipeline/data/ont_modules/University1_www_Department11_University1_edu.owl,13,12,25
/media/nvme7n1/lniederberger/models/GLaMoR/GLaMoR-DataPipeline/data/ont_modules/University1_www_Department12_University1_edu.owl,13,12,25
/media/nvme7n1/lniederberger/models/GLaMoR/GLaMoR-DataPipeline/data/ont_modules/University1_www_Department13_University1_edu.owl,13,12,25
/media/nvme7n1/lniederberger/models/GLaMoR/GLaMoR-DataPipeline/data/ont_modules/University1_www_Department14_University1_edu.owl,13,12,25
/media/nvme7n1/lniederberger/models/GLaMoR/GLaMoR-DataPipeline/data/ont_modules/University1_www_Department15_University1_edu.owl,13,12,25
/media/nvme7n1/lniederberger/models/GLaMoR/GLaMoR-DataPipeline/data/ont_modules/University1_www_Department16_University1_edu.owl,13,12,25
/media/nvme7n1/lniederberger/models/GLaMoR/GLaMoR-DataPipeline/data/ont_modules/University1_www_Department17_University1_edu.owl,13,12,25
/media/nvme7n1/lniederberger/models/GLaMoR/GLaMoR-DataPipeline/data/ont_modules/University1_www_Department18_University1_edu.owl,13,12,25
/media/nvme7n1/lniederberger/models/GLaMoR/GLaMoR-DataPipeline/data/ont_modules/University1_www_Department1_University1_edu.owl,13,12,25
/media/nvme7n1/lniederberger/models/GLaMoR/GLaMoR-DataPipeline/data/ont_modules/University1_www_Department2_University1_edu.owl,13,12,25
/media/nvme7n1/lniederberger/models/GLaMoR/GLaMoR-DataPipeline/data/ont_modules/University1_www_Department3_University1_edu.owl,13,12,25
/media/nvme7n1/lniederberger/models/GLaMoR/GLaMoR-DataPipeline/data/ont_modules/University1_www_Department4_University1_edu.owl,13,12,25
/media/nvme7n1/lniederberger/models/GLaMoR/GLaMoR-DataPipeline/data/ont_modules/University1_www_Department5_University1_edu.owl,13,12,25
/media/nvme7n1/lniederberger/models/GLaMoR/GLaMoR-DataPipeline/data/ont_modules/University1_www_Department6_University1_edu.owl,13,12,25
/media/nvme7n1/lniederberger/models/GLaMoR/GLaMoR-DataPipeline/data/ont_modules/University1_www_Department7_University1_edu.owl,13,12,25
/media/nvme7n1/lniederberger/models/GLaMoR/GLaMoR-DataPipeline/data/ont_modules/University1_www_Department8_University1_edu.owl,13,12,25
/media/nvme7n1/lniederberger/models/GLaMoR/GLaMoR-DataPipeline/data/ont_modules/University1_www_Department9_University1_edu.owl,13,12,25
/media/nvme7n1/lniederberger/models/GLaMoR/GLaMoR-DataPipeline/data/ont_modules/University20_www_Department0_University20_edu.owl,13,12,25
/media/nvme7n1/lniederberger/models/GLaMoR/GLaMoR-DataPipeline/data/ont_modules/University20_www_Department10_University20_edu.owl,13,12,25
/media/nvme7n1/lniederberger/models/GLaMoR/GLaMoR-DataPipeline/data/ont_modules/University20_www_Department11_University20_edu.owl,13,12,25
/media/nvme7n1/lniederberger/models/GLaMoR/GLaMoR-DataPipeline/data/ont_modules/University20_www_Department12_University20_edu.owl,13,12,25
/media/nvme7n1/lniederberger/models/GLaMoR/GLaMoR-DataPipeline/data/ont_modules/University20_www_Department13_University20_edu.owl,13,12,25
/media/nvme7n1/lniederberger/models/GLaMoR/GLaMoR-DataPipeline/data/ont_modules/University20_www_Department14_University20_edu.owl,13,12,25
/media/nvme7n1/lniederberger/models/GLaMoR/GLaMoR-DataPipeline/data/ont_modules/University20_www_Department1_University20_edu.owl,13,12,25
/media/nvme7n1/lniederberger/models/GLaMoR/GLaMoR-DataPipeline/data/ont_modules/University20_www_Department2_University20_edu.owl,13,12,25
/media/nvme7n1/lniederberger/models/GLaMoR/GLaMoR-DataPipeline/data/ont_modules/University20_www_Department3_University20_edu.owl,13,12,25
/media/nvme7n1/lniederberger/models/GLaMoR/GLaMoR-DataPipeline/data/ont_modules/University20_www_Department4_University20_edu.owl,13,12,25
/media/nvme7n1/lniederberger/models/GLaMoR/GLaMoR-DataPipeline/data/ont_modules/University20_www_Department5_University20_edu.owl,13,12,25
/media/nvme7n1/lniederberger/models/GLaMoR/GLaMoR-DataPipeline/data/ont_modules/University20_www_Department6_University20_edu.owl,13,12,25
/media/nvme7n1/lniederberger/models/GLaMoR/GLaMoR-DataPipeline/data/ont_modules/University20_www_Department7_University20_edu.owl,13,12,25
/media/nvme7n1/lniederberger/models/GLaMoR/GLaMoR-DataPipeline/data/ont_modules/University20_www_Department8_University20_edu.owl,13,12,25
/media/nvme7n1/lniederberger/models/GLaMoR/GLaMoR-DataPipeline/data/ont_modules/University20_www_Department9_University20_edu.owl,13,12,25
/media/nvme7n1/lniederberger/models/GLaMoR/GLaMoR-DataPipeline/data/ont_modules/University21_www_Department0_University21_edu.owl,13,12,25
/media/nvme7n1/lniederberger/models/GLaMoR/GLaMoR-DataPipeline/data/ont_modules/University21_www_Department10_University21_edu.owl,13,12,25
/media/nvme7n1/lniederberger/models/GLaMoR/GLaMoR-DataPipeline/data/ont_modules/University21_www_Department11_University21_edu.owl,13,12,25
/media/nvme7n1/lniederberger/models/GLaMoR/GLaMoR-DataPipeline/data/ont_modules/University21_www_Department12_University21_edu.owl,13,12,25
/media/nvme7n1/lniederberger/models/GLaMoR/GLaMoR-DataPipeline/data/ont_modules/University21_www_Department13_University21_edu.owl,13,12,25
/media/nvme7n1/lniederberger/models/GLaMoR/GLaMoR-DataPipeline/data/ont_modules/University21_www_Department14_University21_edu.owl,13,12,25
/media/nvme7n1/lniederberger/models/GLaMoR/GLaMoR-DataPipeline/data/ont_modules/University21_www_Department15_University21_edu.owl,13,12,25
/media/nvme7n1/lniederberger/models/GLaMoR/GLaMoR-DataPipeline/data/ont_modules/University21_www_Department16_University21_edu.owl,13,12,25
/media/nvme7n1/lniederberger/models/GLaMoR/GLaMoR-DataPipeline/data/ont_modules/University21_www_Department17_University21_edu.owl,13,12,25
/media/nvme7n1/lniederberger/models/GLaMoR/GLaMoR-DataPipeline/data/ont_modules/University21_www_Department18_University21_edu.owl,13,12,25
/media/nvme7n1/lniederberger/models/GLaMoR/GLaMoR-DataPipeline/data/ont_modules/University21_www_Department1_University21_edu.owl,13,12,25
/media/nvme7n1/lniederberger/models/GLaMoR/GLaMoR-DataPipeline/data/ont_modules/University21_www_Department2_University21_edu.owl,13,12,25
/media/nvme7n1/lniederberger/models/GLaMoR/GLaMoR-DataPipeline/data/ont_modules/University21_www_Department3_University21_edu.owl,13,12,25
/media/nvme7n1/lniederberger/models/GLaMoR/GLaMoR-DataPipeline/data/ont_modules/University21_www_Department4_University21_edu.owl,13,12,25
/media/nvme7n1/lniederberger/models/GLaMoR/GLaMoR-DataPipeline/data/ont_modules/University21_www_Department5_University21_edu.owl,13,12,25
/media/nvme7n1/lniederberger/models/GLaMoR/GLaMoR-DataPipeline/data/ont_modules/University21_www_Department6_University21_edu.owl,13,12,25
/media/nvme7n1/lniederberger/models/GLaMoR/GLaMoR-DataPipeline/data/ont_modules/University21_www_Department7_University21_edu.owl,13,12,25
/media/nvme7n1/lniederberger/models/GLaMoR/GLaMoR-DataPipeline/data/ont_modules/University21_www_Department8_University21_edu.owl,13,12,25
/media/nvme7n1/lniederberger/models/GLaMoR/GLaMoR-DataPipeline/data/ont_modules/University21_www_Department9_University21_edu.owl,13,12,25
/media/nvme7n1/lniederberger/models/GLaMoR/GLaMoR-DataPipeline/data/ont_modules/University22_www_Department0_University22_edu.owl,13,12,25
/media/nvme7n1/lniederberger/models/GLaMoR/GLaMoR-DataPipeline/data/ont_modules/University22_www_Department10_University22_edu.owl,13,12,25
/media/nvme7n1/lniederberger/models/GLaMoR/GLaMoR-DataPipeline/data/ont_modules/University22_www_Department11_University22_edu.owl,13,12,25
/media/nvme7n1/lniederberger/models/GLaMoR/GLaMoR-DataPipeline/data/ont_modules/University22_www_Department12_University22_edu.owl,13,12,25
/media/nvme7n1/lniederberger/models/GLaMoR/GLaMoR-DataPipeline/data/ont_modules/University22_www_Department13_University22_edu.owl,13,12,25
/media/nvme7n1/lniederberger/models/GLaMoR/GLaMoR-DataPipeline/data/ont_modules/University22_www_Department14_University22_edu.owl,13,12,25
/media/nvme7n1/lniederberger/models/GLaMoR/GLaMoR-DataPipeline/data/ont_modules/University22_www_Department15_University22_edu.owl,13,12,25
/media/nvme7n1/lniederberger/models/GLaMoR/GLaMoR-DataPipeline/data/ont_modules/University22_www_Department16_University22_edu.owl,13,12,25
/media/nvme7n1/lniederberger/models/GLaMoR/GLaMoR-DataPipeline/data/ont_modules/University22_www_Department1_University22_edu.owl,13,12,25
/media/nvme7n1/lniederberger/models/GLaMoR/GLaMoR-DataPipeline/data/ont_modules/University22_www_Department2_University22_edu.owl,13,12,25
/media/nvme7n1/lniederberger/models/GLaMoR/GLaMoR-DataPipeline/data/ont_modules/University22_www_Department3_University22_edu.owl,13,12,25
/media/nvme7n1/lniederberger/models/GLaMoR/GLaMoR-DataPipeline/data/ont_modules/University22_www_Department4_University22_edu.owl,13,12,25
/media/nvme7n1/lniederberger/models/GLaMoR/GLaMoR-DataPipeline/data/ont_modules/University22_www_Department5_University22_edu.owl,13,12,25
/media/nvme7n1/lniederberger/models/GLaMoR/GLaMoR-DataPipeline/data/ont_modules/University22_www_Department6_University22_edu.owl,13,12,25
/media/nvme7n1/lniederberger/models/GLaMoR/GLaMoR-DataPipeline/data/ont_modules/University22_www_Department7_University22_edu.owl,13,12,25
/media/nvme7n1/lniederberger/models/GLaMoR/GLaMoR-DataPipeline/data/ont_modules/University22_www_Department8_University22_edu.owl,13,12,25
/media/nvme7n1/lniederberger/models/GLaMoR/GLaMoR-DataPipeline/data/ont_modules/University22_www_Department9_University22_edu.owl,13,12,25
/media/nvme7n1/lniederberger/models/GLaMoR/GLaMoR-DataPipeline/data/ont_modules/University23_www_Department0_University23_edu.owl,13,12,25
/media/nvme7n1/lniederberger/models/GLaMoR/GLaMoR-DataPipeline/data/ont_modules/University23_www_Department10_University23_edu.owl,13,12,25
/media/nvme7n1/lniederberger/models/GLaMoR/GLaMoR-DataPipeline/data/ont_modules/University23_www_Department11_University23_edu.owl,13,12,25
/media/nvme7n1/lniederberger/models/GLaMoR/GLaMoR-DataPipeline/data/ont_modules/University23_www_Department12_University23_edu.owl,13,12,25
/media/nvme7n1/lniederberger/models/GLaMoR/GLaMoR-DataPipeline/data/ont_modules/University23_www_Department13_University23_edu.owl,13,12,25
/media/nvme7n1/lniederberger/models/GLaMoR/GLaMoR-DataPipeline/data/ont_modules/University23_www_Department14_University23_edu.owl,13,12,25
/media/nvme7n1/lniederberger/models/GLaMoR/GLaMoR-DataPipeline/data/ont_modules/University23_www_Department15_University23_edu.owl,13,12,25
/media/nvme7n1/lniederberger/models/GLaMoR/GLaMoR-DataPipeline/data/ont_modules/University23_www_Department16_University23_edu.owl,13,12,25
/media/nvme7n1/lniederberger/models/GLaMoR/GLaMoR-DataPipeline/data/ont_modules/University23_www_Department17_University23_edu.owl,13,12,25
/media/nvme7n1/lniederberger/models/GLaMoR/GLaMoR-DataPipeline/data/ont_modules/University23_www_Department18_University23_edu.owl,13,12,25
/media/nvme7n1/lniederberger/models/GLaMoR/GLaMoR-DataPipeline/data/ont_modules/University23_www_Department19_University23_edu.owl,13,12,25
/media/nvme7n1/lniederberger/models/GLaMoR/GLaMoR-DataPipeline/data/ont_modules/University23_www_Department1_University23_edu.owl,13,12,25
/media/nvme7n1/lniederberger/models/GLaMoR/GLaMoR-DataPipeline/data/ont_modules/University23_www_Department20_University23_edu.owl,13,12,25
/media/nvme7n1/lniederberger/models/GLaMoR/GLaMoR-DataPipeline/data/ont_modules/University23_www_Department2_University23_edu.owl,13,12,25
/media/nvme7n1/lniederberger/models/GLaMoR/GLaMoR-DataPipeline/data/ont_modules/University23_www_Department3_University23_edu.owl,13,12,25
/media/nvme7n1/lniederberger/models/GLaMoR/GLaMoR-DataPipeline/data/ont_modules/University23_www_Department4_University23_edu.owl,13,12,25
/media/nvme7n1/lniederberger/models/GLaMoR/GLaMoR-DataPipeline/data/ont_modules/University23_www_Department5_University23_edu.owl,13,12,25
/media/nvme7n1/lniederberger/models/GLaMoR/GLaMoR-DataPipeline/data/ont_modules/University23_www_Department6_University23_edu.owl,13,12,25
/media/nvme7n1/lniederberger/models/GLaMoR/GLaMoR-DataPipeline/data/ont_modules/University23_www_Department7_University23_edu.owl,13,12,25
/media/nvme7n1/lniederberger/models/GLaMoR/GLaMoR-DataPipeline/data/ont_modules/University23_www_Department8_University23_edu.owl,13,12,25
/media/nvme7n1/lniederberger/models/GLaMoR/GLaMoR-DataPipeline/data/ont_modules/University23_www_Department9_University23_edu.owl,13,12,25
/media/nvme7n1/lniederberger/models/GLaMoR/GLaMoR-DataPipeline/data/ont_modules/University24_www_Department0_University24_edu.owl,13,12,25
/media/nvme7n1/lniederberger/models/GLaMoR/GLaMoR-DataPipeline/data/ont_modules/University24_www_Department10_University24_edu.owl,13,12,25
/media/nvme7n1/lniederberger/models/GLaMoR/GLaMoR-DataPipeline/data/ont_modules/University24_www_Department11_University24_edu.owl,13,12,25
/media/nvme7n1/lniederberger/models/GLaMoR/GLaMoR-DataPipeline/data/ont_modules/University24_www_Department12_University24_edu.owl,13,12,25
/media/nvme7n1/lniederberger/models/GLaMoR/GLaMoR-DataPipeline/data/ont_modules/University24_www_Department13_University24_edu.owl,13,12,25
/media/nvme7n1/lniederberger/models/GLaMoR/GLaMoR-DataPipeline/data/ont_modules/University24_www_Department14_University24_edu.owl,13,12,25
/media/nvme7n1/lniederberger/models/GLaMoR/GLaMoR-DataPipeline/data/ont_modules/University24_www_Department15_University24_edu.owl,13,12,25
/media/nvme7n1/lniederberger/models/GLaMoR/GLaMoR-DataPipeline/data/ont_modules/University24_www_Department16_University24_edu.owl,13,12,25
/media/nvme7n1/lniederberger/models/GLaMoR/GLaMoR-DataPipeline/data/ont_modules/University24_www_Department17_University24_edu.owl,13,12,25
/media/nvme7n1/lniederberger/models/GLaMoR/GLaMoR-DataPipeline/data/ont_modules/University24_www_Department18_University24_edu.owl,13,12,25
/media/nvme7n1/lniederberger/models/GLaMoR/GLaMoR-DataPipeline/data/ont_modules/University24_www_Department19_University24_edu.owl,13,12,25
/media/nvme7n1/lniederberger/models/GLaMoR/GLaMoR-DataPipeline/data/ont_modules/University24_www_Department1_University24_edu.owl,13,12,25
/media/nvme7n1/lniederberger/models/GLaMoR/GLaMoR-DataPipeline/data/ont_modules/University24_www_Department20_University24_edu.owl,13,12,25
/media/nvme7n1/lniederberger/models/GLaMoR/GLaMoR-DataPipeline/data/ont_modules/University24_www_Department21_University24_edu.owl,13,12,25
/media/nvme7n1/lniederberger/models/GLaMoR/GLaMoR-DataPipeline/data/ont_modules/University24_www_Department2_University24_edu.owl,13,12,25
/media/nvme7n1/lniederberger/models/GLaMoR/GLaMoR-DataPipeline/data/ont_modules/University24_www_Department3_University24_edu.owl,13,12,25
/media/nvme7n1/lniederberger/models/GLaMoR/GLaMoR-DataPipeline/data/ont_modules/University24_www_Department4_University24_edu.owl,13,12,25
/media/nvme7n1/lniederberger/models/GLaMoR/GLaMoR-DataPipeline/data/ont_modules/University24_www_Department5_University24_edu.owl,13,12,25
/media/nvme7n1/lniederberger/models/GLaMoR/GLaMoR-DataPipeline/data/ont_modules/University24_www_Department6_University24_edu.owl,13,12,25
/media/nvme7n1/lniederberger/models/GLaMoR/GLaMoR-DataPipeline/data/ont_modules/University24_www_Department7_University24_edu.owl,13,12,25
/media/nvme7n1/lniederberger/models/GLaMoR/GLaMoR-DataPipeline/data/ont_modules/University24_www_Department8_University24_edu.owl,13,12,25
/media/nvme7n1/lniederberger/models/GLaMoR/GLaMoR-DataPipeline/data/ont_modules/University24_www_Department9_University24_edu.owl,13,12,25
/media/nvme7n1/lniederberger/models/GLaMoR/GLaMoR-DataPipeline/data/ont_modules/University25_www_Department0_University25_edu.owl,13,12,25
/media/nvme7n1/lniederberger/models/GLaMoR/GLaMoR-DataPipeline/data/ont_modules/University25_www_Department10_University25_edu.owl,13,12,25
/media/nvme7n1/lniederberger/models/GLaMoR/GLaMoR-DataPipeline/data/ont_modules/University25_www_Department11_University25_edu.owl,13,12,25
/media/nvme7n1/lniederberger/models/GLaMoR/GLaMoR-DataPipeline/data/ont_modules/University25_www_Department12_University25_edu.owl,13,12,25
/media/nvme7n1/lniederberger/models/GLaMoR/GLaMoR-DataPipeline/data/ont_modules/University25_www_Department13_University25_edu.owl,13,12,25
/media/nvme7n1/lniederberger/models/GLaMoR/GLaMoR-DataPipeline/data/ont_modules/University25_www_Department14_University25_edu.owl,13,12,25
/media/nvme7n1/lniederberger/models/GLaMoR/GLaMoR-DataPipeline/data/ont_modules/University25_www_Department15_University25_edu.owl,13,12,25
/media/nvme7n1/lniederberger/models/GLaMoR/GLaMoR-DataPipeline/data/ont_modules/University25_www_Department1_University25_edu.owl,13,12,25
/media/nvme7n1/lniederberger/models/GLaMoR/GLaMoR-DataPipeline/data/ont_modules/University25_www_Department2_University25_edu.owl,13,12,25
/media/nvme7n1/lniederberger/models/GLaMoR/GLaMoR-DataPipeline/data/ont_modules/University25_www_Department3_University25_edu.owl,13,12,25
/media/nvme7n1/lniederberger/models/GLaMoR/GLaMoR-DataPipeline/data/ont_modules/University25_www_Department4_University25_edu.owl,13,12,25
/media/nvme7n1/lniederberger/models/GLaMoR/GLaMoR-DataPipeline/data/ont_modules/University25_www_Department5_University25_edu.owl,13,12,25
/media/nvme7n1/lniederberger/models/GLaMoR/GLaMoR-DataPipeline/data/ont_modules/University25_www_Department6_University25_edu.owl,13,12,25
/media/nvme7n1/lniederberger/models/GLaMoR/GLaMoR-DataPipeline/data/ont_modules/University25_www_Department7_University25_edu.owl,13,12,25
/media/nvme7n1/lniederberger/models/GLaMoR/GLaMoR-DataPipeline/data/ont_modules/University25_www_Department8_University25_edu.owl,13,12,25
/media/nvme7n1/lniederberger/models/GLaMoR/GLaMoR-DataPipeline/data/ont_modules/University25_www_Department9_University25_edu.owl,13,12,25
/media/nvme7n1/lniederberger/models/GLaMoR/GLaMoR-DataPipeline/data/ont_modules/University26_www_Department0_University26_edu.owl,13,12,25
/media/nvme7n1/lniederberger/models/GLaMoR/GLaMoR-DataPipeline/data/ont_modules/University26_www_Department10_University26_edu.owl,13,12,25
/media/nvme7n1/lniederberger/models/GLaMoR/GLaMoR-DataPipeline/data/ont_modules/University26_www_Department11_University26_edu.owl,13,12,25
/media/nvme7n1/lniederberger/models/GLaMoR/GLaMoR-DataPipeline/data/ont_modules/University26_www_Department12_University26_edu.owl,13,12,25
/media/nvme7n1/lniederberger/models/GLaMoR/GLaMoR-DataPipeline/data/ont_modules/University26_www_Department13_University26_edu.owl,13,12,25
/media/nvme7n1/lniederberger/models/GLaMoR/GLaMoR-DataPipeline/data/ont_modules/University26_www_Department14_University26_edu.owl,13,12,25
/media/nvme7n1/lniederberger/models/GLaMoR/GLaMoR-DataPipeline/data/ont_modules/University26_www_Department15_University26_edu.owl,13,12,25
/media/nvme7n1/lniederberger/models/GLaMoR/GLaMoR-DataPipeline/data/ont_modules/University26_www_Department16_University26_edu.owl,13,12,25
/media/nvme7n1/lniederberger/models/GLaMoR/GLaMoR-DataPipeline/data/ont_modules/University26_www_Department17_University26_edu.owl,13,12,25
/media/nvme7n1/lniederberger/models/GLaMoR/GLaMoR-DataPipeline/data/ont_modules/University26_www_Department18_University26_edu.owl,13,12,25
/media/nvme7n1/lniederberger/models/GLaMoR/GLaMoR-DataPipeline/data/ont_modules/University26_www_Department19_University26_edu.owl,13,12,25
/media/nvme7n1/lniederberger/models/GLaMoR/GLaMoR-DataPipeline/data/ont_modules/University26_www_Department1_University26_edu.owl,13,12,25
/media/nvme7n1/lniederberger/models/GLaMoR/GLaMoR-DataPipeline/data/ont_modules/University26_www_Department20_University26_edu.owl,13,12,25
/media/nvme7n1/lniederberger/models/GLaMoR/GLaMoR-DataPipeline/data/ont_modules/University26_www_Department21_University26_edu.owl,13,12,25
/media/nvme7n1/lniederberger/models/GLaMoR/GLaMoR-DataPipeline/data/ont_modules/University26_www_Department22_University26_edu.owl,13,12,25
/media/nvme7n1/lniederberger/models/GLaMoR/GLaMoR-DataPipeline/data/ont_modules/University26_www_Department23_University26_edu.owl,13,12,25
/media/nvme7n1/lniederberger/models/GLaMoR/GLaMoR-DataPipeline/data/ont_modules/University26_www_Department2_University26_edu.owl,13,12,25
/media/nvme7n1/lniederberger/models/GLaMoR/GLaMoR-DataPipeline/data/ont_modules/University26_www_Department3_University26_edu.owl,13,12,25
/media/nvme7n1/lniederberger/models/GLaMoR/GLaMoR-DataPipeline/data/ont_modules/University26_www_Department4_University26_edu.owl,13,12,25
/media/nvme7n1/lniederberger/models/GLaMoR/GLaMoR-DataPipeline/data/ont_modules/University26_www_Department5_University26_edu.owl,13,12,25
/media/nvme7n1/lniederberger/models/GLaMoR/GLaMoR-DataPipeline/data/ont_modules/University26_www_Department6_University26_edu.owl,13,12,25
/media/nvme7n1/lniederberger/models/GLaMoR/GLaMoR-DataPipeline/data/ont_modules/University26_www_Department7_University26_edu.owl,13,12,25
/media/nvme7n1/lniederberger/models/GLaMoR/GLaMoR-DataPipeline/data/ont_modules/University26_www_Department8_University26_edu.owl,13,12,25
/media/nvme7n1/lniederberger/models/GLaMoR/GLaMoR-DataPipeline/data/ont_modules/University26_www_Department9_University26_edu.owl,13,12,25
/media/nvme7n1/lniederberger/models/GLaMoR/GLaMoR-DataPipeline/data/ont_modules/University27_www_Department0_University27_edu.owl,13,12,25
/media/nvme7n1/lniederberger/models/GLaMoR/GLaMoR-DataPipeline/data/ont_modules/University27_www_Department10_University27_edu.owl,13,12,25
/media/nvme7n1/lniederberger/models/GLaMoR/GLaMoR-DataPipeline/data/ont_modules/University27_www_Department11_University27_edu.owl,13,12,25
/media/nvme7n1/lniederberger/models/GLaMoR/GLaMoR-DataPipeline/data/ont_modules/University27_www_Department12_University27_edu.owl,13,12,25
/media/nvme7n1/lniederberger/models/GLaMoR/GLaMoR-DataPipeline/data/ont_modules/University27_www_Department13_University27_edu.owl,13,12,25
/media/nvme7n1/lniederberger/models/GLaMoR/GLaMoR-DataPipeline/data/ont_modules/University27_www_Department14_University27_edu.owl,13,12,25
/media/nvme7n1/lniederberger/models/GLaMoR/GLaMoR-DataPipeline/data/ont_modules/University27_www_Department15_University27_edu.owl,13,12,25
/media/nvme7n1/lniederberger/models/GLaMoR/GLaMoR-DataPipeline/data/ont_modules/University27_www_Department16_University27_edu.owl,13,12,25
/media/nvme7n1/lniederberger/models/GLaMoR/GLaMoR-DataPipeline/data/ont_modules/University27_www_Department17_University27_edu.owl,13,12,25
/media/nvme7n1/lniederberger/models/GLaMoR/GLaMoR-DataPipeline/data/ont_modules/University27_www_Department1_University27_edu.owl,13,12,25
/media/nvme7n1/lniederberger/models/GLaMoR/GLaMoR-DataPipeline/data/ont_modules/University27_www_Department2_University27_edu.owl,13,12,25
/media/nvme7n1/lniederberger/models/GLaMoR/GLaMoR-DataPipeline/data/ont_modules/University27_www_Department3_University27_edu.owl,13,12,25
/media/nvme7n1/lniederberger/models/GLaMoR/GLaMoR-DataPipeline/data/ont_modules/University27_www_Department4_University27_edu.owl,13,12,25
/media/nvme7n1/lniederberger/models/GLaMoR/GLaMoR-DataPipeline/data/ont_modules/University27_www_Department5_University27_edu.owl,13,12,25
/media/nvme7n1/lniederberger/models/GLaMoR/GLaMoR-DataPipeline/data/ont_modules/University27_www_Department6_University27_edu.owl,13,12,25
/media/nvme7n1/lniederberger/models/GLaMoR/GLaMoR-DataPipeline/data/ont_modules/University27_www_Department7_University27_edu.owl,13,12,25
/media/nvme7n1/lniederberger/models/GLaMoR/GLaMoR-DataPipeline/data/ont_modules/University27_www_Department8_University27_edu.owl,13,12,25
/media/nvme7n1/lniederberger/models/GLaMoR/GLaMoR-DataPipeline/data/ont_modules/University27_www_Department9_University27_edu.owl,13,12,25
/media/nvme7n1/lniederberger/models/GLaMoR/GLaMoR-DataPipeline/data/ont_modules/University28_www_Department0_University28_edu.owl,13,12,25
/media/nvme7n1/lniederberger/models/GLaMoR/GLaMoR-DataPipeline/data/ont_modules/University28_www_Department10_University28_edu.owl,13,12,25
/media/nvme7n1/lniederberger/models/GLaMoR/GLaMoR-DataPipeline/data/ont_modules/University28_www_Department11_University28_edu.owl,13,12,25
/media/nvme7n1/lniederberger/models/GLaMoR/GLaMoR-DataPipeline/data/ont_modules/University28_www_Department12_University28_edu.owl,13,12,25
/media/nvme7n1/lniederberger/models/GLaMoR/GLaMoR-DataPipeline/data/ont_modules/University28_www_Department13_University28_edu.owl,13,12,25
/media/nvme7n1/lniederberger/models/GLaMoR/GLaMoR-DataPipeline/data/ont_modules/University28_www_Department14_University28_edu.owl,13,12,25
/media/nvme7n1/lniederberger/models/GLaMoR/GLaMoR-DataPipeline/data/ont_modules/University28_www_Department15_University28_edu.owl,13,12,25
/media/nvme7n1/lniederberger/models/GLaMoR/GLaMoR-DataPipeline/data/ont_modules/University28_www_Department16_University28_edu.owl,13,12,25
/media/nvme7n1/lniederberger/models/GLaMoR/GLaMoR-DataPipeline/data/ont_modules/University28_www_Department17_University28_edu.owl,13,12,25
/media/nvme7n1/lniederberger/models/GLaMoR/GLaMoR-DataPipeline/data/ont_modules/University28_www_Department1_University28_edu.owl,13,12,25
/media/nvme7n1/lniederberger/models/GLaMoR/GLaMoR-DataPipeline/data/ont_modules/University28_www_Department2_University28_edu.owl,13,12,25
/media/nvme7n1/lniederberger/models/GLaMoR/GLaMoR-DataPipeline/data/ont_modules/University28_www_Department3_University28_edu.owl,13,12,25
/media/nvme7n1/lniederberger/models/GLaMoR/GLaMoR-DataPipeline/data/ont_modules/University28_www_Department4_University28_edu.owl,13,12,25
/media/nvme7n1/lniederberger/models/GLaMoR/GLaMoR-DataPipeline/data/ont_modules/University28_www_Department5_University28_edu.owl,13,12,25
/media/nvme7n1/lniederberger/models/GLaMoR/GLaMoR-DataPipeline/data/ont_modules/University28_www_Department6_University28_edu.owl,13,12,25
/media/nvme7n1/lniederberger/models/GLaMoR/GLaMoR-DataPipeline/data/ont_modules/University28_www_Department7_University28_edu.owl,13,12,25
/media/nvme7n1/lniederberger/models/GLaMoR/GLaMoR-DataPipeline/data/ont_modules/University28_www_Department8_University28_edu.owl,13,12,25
/media/nvme7n1/lniederberger/models/GLaMoR/GLaMoR-DataPipeline/data/ont_modules/University28_www_Department9_University28_edu.owl,13,12,25
/media/nvme7n1/lniederberger/models/GLaMoR/GLaMoR-DataPipeline/data/ont_modules/University29_www_Department0_University29_edu.owl,13,12,25
/media/nvme7n1/lniederberger/models/GLaMoR/GLaMoR-DataPipeline/data/ont_modules/University29_www_Department10_University29_edu.owl,13,12,25
/media/nvme7n1/lniederberger/models/GLaMoR/GLaMoR-DataPipeline/data/ont_modules/University29_www_Department11_University29_edu.owl,13,12,25
/media/nvme7n1/lniederberger/models/GLaMoR/GLaMoR-DataPipeline/data/ont_modules/University29_www_Department12_University29_edu.owl,13,12,25
/media/nvme7n1/lniederberger/models/GLaMoR/GLaMoR-DataPipeline/data/ont_modules/University29_www_Department13_University29_edu.owl,13,12,25
/media/nvme7n1/lniederberger/models/GLaMoR/GLaMoR-DataPipeline/data/ont_modules/University29_www_Department14_University29_edu.owl,13,12,25
/media/nvme7n1/lniederberger/models/GLaMoR/GLaMoR-DataPipeline/data/ont_modules/University29_www_Department15_University29_edu.owl,13,12,25
/media/nvme7n1/lniederberger/models/GLaMoR/GLaMoR-DataPipeline/data/ont_modules/University29_www_Department16_University29_edu.owl,13,12,25
/media/nvme7n1/lniederberger/models/GLaMoR/GLaMoR-DataPipeline/data/ont_modules/University29_www_Department17_University29_edu.owl,13,12,25
/media/nvme7n1/lniederberger/models/GLaMoR/GLaMoR-DataPipeline/data/ont_modules/University29_www_Department18_University29_edu.owl,13,12,25
/media/nvme7n1/lniederberger/models/GLaMoR/GLaMoR-DataPipeline/data/ont_modules/University29_www_Department19_University29_edu.owl,13,12,25
/media/nvme7n1/lniederberger/models/GLaMoR/GLaMoR-DataPipeline/data/ont_modules/University29_www_Department1_University29_edu.owl,13,12,25
/media/nvme7n1/lniederberger/models/GLaMoR/GLaMoR-DataPipeline/data/ont_modules/University29_www_Department20_University29_edu.owl,13,12,25
/media/nvme7n1/lniederberger/models/GLaMoR/GLaMoR-DataPipeline/data/ont_modules/University29_www_Department21_University29_edu.owl,13,12,25
/media/nvme7n1/lniederberger/models/GLaMoR/GLaMoR-DataPipeline/data/ont_modules/University29_www_Department22_University29_edu.owl,13,12,25
/media/nvme7n1/lniederberger/models/GLaMoR/GLaMoR-DataPipeline/data/ont_modules/University29_www_Department2_University29_edu.owl,13,12,25
/media/nvme7n1/lniederberger/models/GLaMoR/GLaMoR-DataPipeline/data/ont_modules/University29_www_Department3_University29_edu.owl,13,12,25
/media/nvme7n1/lniederberger/models/GLaMoR/GLaMoR-DataPipeline/data/ont_modules/University29_www_Department4_University29_edu.owl,13,12,25
/media/nvme7n1/lniederberger/models/GLaMoR/GLaMoR-DataPipeline/data/ont_modules/University29_www_Department5_University29_edu.owl,13,12,25
/media/nvme7n1/lniederberger/models/GLaMoR/GLaMoR-DataPipeline/data/ont_modules/University29_www_Department6_University29_edu.owl,13,12,25
/media/nvme7n1/lniederberger/models/GLaMoR/GLaMoR-DataPipeline/data/ont_modules/University29_www_Department7_University29_edu.owl,13,12,25
/media/nvme7n1/lniederberger/models/GLaMoR/GLaMoR-DataPipeline/data/ont_modules/University29_www_Department8_University29_edu.owl,13,12,25
/media/nvme7n1/lniederberger/models/GLaMoR/GLaMoR-DataPipeline/data/ont_modules/University29_www_Department9_University29_edu.owl,13,12,25
/media/nvme7n1/lniederberger/models/GLaMoR/GLaMoR-DataPipeline/data/ont_modules/University2_www_Department0_University2_edu.owl,13,12,25
/media/nvme7n1/lniederberger/models/GLaMoR/GLaMoR-DataPipeline/data/ont_modules/University2_www_Department10_University2_edu.owl,13,12,25
/media/nvme7n1/lniederberger/models/GLaMoR/GLaMoR-DataPipeline/data/ont_modules/University2_www_Department11_University2_edu.owl,13,12,25
/media/nvme7n1/lniederberger/models/GLaMoR/GLaMoR-DataPipeline/data/ont_modules/University2_www_Department12_University2_edu.owl,13,12,25
/media/nvme7n1/lniederberger/models/GLaMoR/GLaMoR-DataPipeline/data/ont_modules/University2_www_Department13_University2_edu.owl,13,12,25
/media/nvme7n1/lniederberger/models/GLaMoR/GLaMoR-DataPipeline/data/ont_modules/University2_www_Department14_University2_edu.owl,13,12,25
/media/nvme7n1/lniederberger/models/GLaMoR/GLaMoR-DataPipeline/data/ont_modules/University2_www_Department15_University2_edu.owl,13,12,25
/media/nvme7n1/lniederberger/models/GLaMoR/GLaMoR-DataPipeline/data/ont_modules/University2_www_Department1_University2_edu.owl,13,12,25
/media/nvme7n1/lniederberger/models/GLaMoR/GLaMoR-DataPipeline/data/ont_modules/University2_www_Department2_University2_edu.owl,13,12,25
/media/nvme7n1/lniederberger/models/GLaMoR/GLaMoR-DataPipeline/data/ont_modules/University2_www_Department3_University2_edu.owl,13,12,25
/media/nvme7n1/lniederberger/models/GLaMoR/GLaMoR-DataPipeline/data/ont_modules/University2_www_Department4_University2_edu.owl,13,12,25
/media/nvme7n1/lniederberger/models/GLaMoR/GLaMoR-DataPipeline/data/ont_modules/University2_www_Department5_University2_edu.owl,13,12,25
/media/nvme7n1/lniederberger/models/GLaMoR/GLaMoR-DataPipeline/data/ont_modules/University2_www_Department6_University2_edu.owl,13,12,25
/media/nvme7n1/lniederberger/models/GLaMoR/GLaMoR-DataPipeline/data/ont_modules/University2_www_Department7_University2_edu.owl,13,12,25
/media/nvme7n1/lniederberger/models/GLaMoR/GLaMoR-DataPipeline/data/ont_modules/University2_www_Department8_University2_edu.owl,13,12,25
/media/nvme7n1/lniederberger/models/GLaMoR/GLaMoR-DataPipeline/data/ont_modules/University2_www_Department9_University2_edu.owl,13,12,25
/media/nvme7n1/lniederberger/models/GLaMoR/GLaMoR-DataPipeline/data/ont_modules/University30_www_Department0_University30_edu.owl,13,12,25
/media/nvme7n1/lniederberger/models/GLaMoR/GLaMoR-DataPipeline/data/ont_modules/University30_www_Department10_University30_edu.owl,13,12,25
/media/nvme7n1/lniederberger/models/GLaMoR/GLaMoR-DataPipeline/data/ont_modules/University30_www_Department11_University30_edu.owl,13,12,25
/media/nvme7n1/lniederberger/models/GLaMoR/GLaMoR-DataPipeline/data/ont_modules/University30_www_Department12_University30_edu.owl,13,12,25
/media/nvme7n1/lniederberger/models/GLaMoR/GLaMoR-DataPipeline/data/ont_modules/University30_www_Department13_University30_edu.owl,13,12,25
/media/nvme7n1/lniederberger/models/GLaMoR/GLaMoR-DataPipeline/data/ont_modules/University30_www_Department14_University30_edu.owl,13,12,25
/media/nvme7n1/lniederberger/models/GLaMoR/GLaMoR-DataPipeline/data/ont_modules/University30_www_Department15_University30_edu.owl,13,12,25
/media/nvme7n1/lniederberger/models/GLaMoR/GLaMoR-DataPipeline/data/ont_modules/University30_www_Department16_University30_edu.owl,13,12,25
/media/nvme7n1/lniederberger/models/GLaMoR/GLaMoR-DataPipeline/data/ont_modules/University30_www_Department17_University30_edu.owl,13,12,25
/media/nvme7n1/lniederberger/models/GLaMoR/GLaMoR-DataPipeline/data/ont_modules/University30_www_Department18_University30_edu.owl,13,12,25
/media/nvme7n1/lniederberger/models/GLaMoR/GLaMoR-DataPipeline/data/ont_modules/University30_www_Department19_University30_edu.owl,13,12,25
/media/nvme7n1/lniederberger/models/GLaMoR/GLaMoR-DataPipeline/data/ont_modules/University30_www_Department1_University30_edu.owl,13,12,25
/media/nvme7n1/lniederberger/models/GLaMoR/GLaMoR-DataPipeline/data/ont_modules/University30_www_Department2_University30_edu.owl,13,12,25
/media/nvme7n1/lniederberger/models/GLaMoR/GLaMoR-DataPipeline/data/ont_modules/University30_www_Department3_University30_edu.owl,13,12,25
/media/nvme7n1/lniederberger/models/GLaMoR/GLaMoR-DataPipeline/data/ont_modules/University30_www_Department4_University30_edu.owl,13,12,25
/media/nvme7n1/lniederberger/models/GLaMoR/GLaMoR-DataPipeline/data/ont_modules/University30_www_Department5_University30_edu.owl,13,12,25
/media/nvme7n1/lniederberger/models/GLaMoR/GLaMoR-DataPipeline/data/ont_modules/University30_www_Department6_University30_edu.owl,13,12,25
/media/nvme7n1/lniederberger/models/GLaMoR/GLaMoR-DataPipeline/data/ont_modules/University30_www_Department7_University30_edu.owl,13,12,25
/media/nvme7n1/lniederberger/models/GLaMoR/GLaMoR-DataPipeline/data/ont_modules/University30_www_Department8_University30_edu.owl,13,12,25
/media/nvme7n1/lniederberger/models/GLaMoR/GLaMoR-DataPipeline/data/ont_modules/University30_www_Department9_University30_edu.owl,13,12,25
/media/nvme7n1/lniederberger/models/GLaMoR/GLaMoR-DataPipeline/data/ont_modules/University31_www_Department0_University31_edu.owl,13,12,25
/media/nvme7n1/lniederberger/models/GLaMoR/GLaMoR-DataPipeline/data/ont_modules/University31_www_Department10_University31_edu.owl,13,12,25
/media/nvme7n1/lniederberger/models/GLaMoR/GLaMoR-DataPipeline/data/ont_modules/University31_www_Department11_University31_edu.owl,13,12,25
/media/nvme7n1/lniederberger/models/GLaMoR/GLaMoR-DataPipeline/data/ont_modules/University31_www_Department12_University31_edu.owl,13,12,25
/media/nvme7n1/lniederberger/models/GLaMoR/GLaMoR-DataPipeline/data/ont_modules/University31_www_Department13_University31_edu.owl,13,12,25
/media/nvme7n1/lniederberger/models/GLaMoR/GLaMoR-DataPipeline/data/ont_modules/University31_www_Department14_University31_edu.owl,13,12,25
/media/nvme7n1/lniederberger/models/GLaMoR/GLaMoR-DataPipeline/data/ont_modules/University31_www_Department15_University31_edu.owl,13,12,25
/media/nvme7n1/lniederberger/models/GLaMoR/GLaMoR-DataPipeline/data/ont_modules/University31_www_Department16_University31_edu.owl,13,12,25
/media/nvme7n1/lniederberger/models/GLaMoR/GLaMoR-DataPipeline/data/ont_modules/University31_www_Department17_University31_edu.owl,13,12,25
/media/nvme7n1/lniederberger/models/GLaMoR/GLaMoR-DataPipeline/data/ont_modules/University31_www_Department18_University31_edu.owl,13,12,25
/media/nvme7n1/lniederberger/models/GLaMoR/GLaMoR-DataPipeline/data/ont_modules/University31_www_Department19_University31_edu.owl,13,12,25
/media/nvme7n1/lniederberger/models/GLaMoR/GLaMoR-DataPipeline/data/ont_modules/University31_www_Department1_University31_edu.owl,13,12,25
/media/nvme7n1/lniederberger/models/GLaMoR/GLaMoR-DataPipeline/data/ont_modules/University31_www_Department20_University31_edu.owl,13,12,25
/media/nvme7n1/lniederberger/models/GLaMoR/GLaMoR-DataPipeline/data/ont_modules/University31_www_Department21_University31_edu.owl,13,12,25
/media/nvme7n1/lniederberger/models/GLaMoR/GLaMoR-DataPipeline/data/ont_modules/University31_www_Department22_University31_edu.owl,13,12,25
/media/nvme7n1/lniederberger/models/GLaMoR/GLaMoR-DataPipeline/data/ont_modules/University31_www_Department23_University31_edu.owl,13,12,25
/media/nvme7n1/lniederberger/models/GLaMoR/GLaMoR-DataPipeline/data/ont_modules/University31_www_Department24_University31_edu.owl,13,12,25
/media/nvme7n1/lniederberger/models/GLaMoR/GLaMoR-DataPipeline/data/ont_modules/University31_www_Department2_University31_edu.owl,13,12,25
/media/nvme7n1/lniederberger/models/GLaMoR/GLaMoR-DataPipeline/data/ont_modules/University31_www_Department3_University31_edu.owl,13,12,25
/media/nvme7n1/lniederberger/models/GLaMoR/GLaMoR-DataPipeline/data/ont_modules/University31_www_Department4_University31_edu.owl,13,12,25
/media/nvme7n1/lniederberger/models/GLaMoR/GLaMoR-DataPipeline/data/ont_modules/University31_www_Department5_University31_edu.owl,13,12,25
/media/nvme7n1/lniederberger/models/GLaMoR/GLaMoR-DataPipeline/data/ont_modules/University31_www_Department6_University31_edu.owl,13,12,25
/media/nvme7n1/lniederberger/models/GLaMoR/GLaMoR-DataPipeline/data/ont_modules/University31_www_Department7_University31_edu.owl,13,12,25
/media/nvme7n1/lniederberger/models/GLaMoR/GLaMoR-DataPipeline/data/ont_modules/University31_www_Department8_University31_edu.owl,13,12,25
/media/nvme7n1/lniederberger/models/GLaMoR/GLaMoR-DataPipeline/data/ont_modules/University31_www_Department9_University31_edu.owl,13,12,25
/media/nvme7n1/lniederberger/models/GLaMoR/GLaMoR-DataPipeline/data/ont_modules/University32_www_Department0_University32_edu.owl,13,12,25
/media/nvme7n1/lniederberger/models/GLaMoR/GLaMoR-DataPipeline/data/ont_modules/University32_www_Department10_University32_edu.owl,13,12,25
/media/nvme7n1/lniederberger/models/GLaMoR/GLaMoR-DataPipeline/data/ont_modules/University32_www_Department11_University32_edu.owl,13,12,25
/media/nvme7n1/lniederberger/models/GLaMoR/GLaMoR-DataPipeline/data/ont_modules/University32_www_Department12_University32_edu.owl,13,12,25
/media/nvme7n1/lniederberger/models/GLaMoR/GLaMoR-DataPipeline/data/ont_modules/University32_www_Department13_University32_edu.owl,13,12,25
/media/nvme7n1/lniederberger/models/GLaMoR/GLaMoR-DataPipeline/data/ont_modules/University32_www_Department14_University32_edu.owl,13,12,25
/media/nvme7n1/lniederberger/models/GLaMoR/GLaMoR-DataPipeline/data/ont_modules/University32_www_Department15_University32_edu.owl,13,12,25
/media/nvme7n1/lniederberger/models/GLaMoR/GLaMoR-DataPipeline/data/ont_modules/University32_www_Department16_University32_edu.owl,13,12,25
/media/nvme7n1/lniederberger/models/GLaMoR/GLaMoR-DataPipeline/data/ont_modules/University32_www_Department1_University32_edu.owl,13,12,25
/media/nvme7n1/lniederberger/models/GLaMoR/GLaMoR-DataPipeline/data/ont_modules/University32_www_Department2_University32_edu.owl,13,12,25
/media/nvme7n1/lniederberger/models/GLaMoR/GLaMoR-DataPipeline/data/ont_modules/University32_www_Department3_University32_edu.owl,13,12,25
/media/nvme7n1/lniederberger/models/GLaMoR/GLaMoR-DataPipeline/data/ont_modules/University32_www_Department4_University32_edu.owl,13,12,25
/media/nvme7n1/lniederberger/models/GLaMoR/GLaMoR-DataPipeline/data/ont_modules/University32_www_Department5_University32_edu.owl,13,12,25
/media/nvme7n1/lniederberger/models/GLaMoR/GLaMoR-DataPipeline/data/ont_modules/University32_www_Department6_University32_edu.owl,13,12,25
/media/nvme7n1/lniederberger/models/GLaMoR/GLaMoR-DataPipeline/data/ont_modules/University32_www_Department7_University32_edu.owl,13,12,25
/media/nvme7n1/lniederberger/models/GLaMoR/GLaMoR-DataPipeline/data/ont_modules/University32_www_Department8_University32_edu.owl,13,12,25
/media/nvme7n1/lniederberger/models/GLaMoR/GLaMoR-DataPipeline/data/ont_modules/University32_www_Department9_University32_edu.owl,13,12,25
/media/nvme7n1/lniederberger/models/GLaMoR/GLaMoR-DataPipeline/data/ont_modules/University33_www_Department0_University33_edu.owl,13,12,25
/media/nvme7n1/lniederberger/models/GLaMoR/GLaMoR-DataPipeline/data/ont_modules/University33_www_Department10_University33_edu.owl,13,12,25
/media/nvme7n1/lniederberger/models/GLaMoR/GLaMoR-DataPipeline/data/ont_modules/University33_www_Department11_University33_edu.owl,13,12,25
/media/nvme7n1/lniederberger/models/GLaMoR/GLaMoR-DataPipeline/data/ont_modules/University33_www_Department12_University33_edu.owl,13,12,25
/media/nvme7n1/lniederberger/models/GLaMoR/GLaMoR-DataPipeline/data/ont_modules/University33_www_Department13_University33_edu.owl,13,12,25
/media/nvme7n1/lniederberger/models/GLaMoR/GLaMoR-DataPipeline/data/ont_modules/University33_www_Department14_University33_edu.owl,13,12,25
/media/nvme7n1/lniederberger/models/GLaMoR/GLaMoR-DataPipeline/data/ont_modules/University33_www_Department15_University33_edu.owl,13,12,25
/media/nvme7n1/lniederberger/models/GLaMoR/GLaMoR-DataPipeline/data/ont_modules/University33_www_Department16_University33_edu.owl,13,12,25
/media/nvme7n1/lniederberger/models/GLaMoR/GLaMoR-DataPipeline/data/ont_modules/University33_www_Department17_University33_edu.owl,13,12,25
/media/nvme7n1/lniederberger/models/GLaMoR/GLaMoR-DataPipeline/data/ont_modules/University33_www_Department18_University33_edu.owl,13,12,25
/media/nvme7n1/lniederberger/models/GLaMoR/GLaMoR-DataPipeline/data/ont_modules/University33_www_Department19_University33_edu.owl,13,12,25
/media/nvme7n1/lniederberger/models/GLaMoR/GLaMoR-DataPipeline/data/ont_modules/University33_www_Department1_University33_edu.owl,13,12,25
/media/nvme7n1/lniederberger/models/GLaMoR/GLaMoR-DataPipeline/data/ont_modules/University33_www_Department20_University33_edu.owl,13,12,25
/media/nvme7n1/lniederberger/models/GLaMoR/GLaMoR-DataPipeline/data/ont_modules/University33_www_Department21_University33_edu.owl,13,12,25
/media/nvme7n1/lniederberger/models/GLaMoR/GLaMoR-DataPipeline/data/ont_modules/University33_www_Department2_University33_edu.owl,13,12,25
/media/nvme7n1/lniederberger/models/GLaMoR/GLaMoR-DataPipeline/data/ont_modules/University33_www_Department3_University33_edu.owl,13,12,25
/media/nvme7n1/lniederberger/models/GLaMoR/GLaMoR-DataPipeline/data/ont_modules/University33_www_Department4_University33_edu.owl,13,12,25
/media/nvme7n1/lniederberger/models/GLaMoR/GLaMoR-DataPipeline/data/ont_modules/University33_www_Department5_University33_edu.owl,13,12,25
/media/nvme7n1/lniederberger/models/GLaMoR/GLaMoR-DataPipeline/data/ont_modules/University33_www_Department6_University33_edu.owl,13,12,25
/media/nvme7n1/lniederberger/models/GLaMoR/GLaMoR-DataPipeline/data/ont_modules/University33_www_Department7_University33_edu.owl,13,12,25
/media/nvme7n1/lniederberger/models/GLaMoR/GLaMoR-DataPipeline/data/ont_modules/University33_www_Department8_University33_edu.owl,13,12,25
/media/nvme7n1/lniederberger/models/GLaMoR/GLaMoR-DataPipeline/data/ont_modules/University33_www_Department9_University33_edu.owl,13,12,25
/media/nvme7n1/lniederberger/models/GLaMoR/GLaMoR-DataPipeline/data/ont_modules/University34_www_Department0_University34_edu.owl,13,12,25
/media/nvme7n1/lniederberger/models/GLaMoR/GLaMoR-DataPipeline/data/ont_modules/University34_www_Department10_University34_edu.owl,13,12,25
/media/nvme7n1/lniederberger/models/GLaMoR/GLaMoR-DataPipeline/data/ont_modules/University34_www_Department11_University34_edu.owl,13,12,25
/media/nvme7n1/lniederberger/models/GLaMoR/GLaMoR-DataPipeline/data/ont_modules/University34_www_Department12_University34_edu.owl,13,12,25
/media/nvme7n1/lniederberger/models/GLaMoR/GLaMoR-DataPipeline/data/ont_modules/University34_www_Department13_University34_edu.owl,13,12,25
/media/nvme7n1/lniederberger/models/GLaMoR/GLaMoR-DataPipeline/data/ont_modules/University34_www_Department14_University34_edu.owl,13,12,25
/media/nvme7n1/lniederberger/models/GLaMoR/GLaMoR-DataPipeline/data/ont_modules/University34_www_Department15_University34_edu.owl,13,12,25
/media/nvme7n1/lniederberger/models/GLaMoR/GLaMoR-DataPipeline/data/ont_modules/University34_www_Department16_University34_edu.owl,13,12,25
/media/nvme7n1/lniederberger/models/GLaMoR/GLaMoR-DataPipeline/data/ont_modules/University34_www_Department17_University34_edu.owl,13,12,25
/media/nvme7n1/lniederberger/models/GLaMoR/GLaMoR-DataPipeline/data/ont_modules/University34_www_Department18_University34_edu.owl,13,12,25
/media/nvme7n1/lniederberger/models/GLaMoR/GLaMoR-DataPipeline/data/ont_modules/University34_www_Department1_University34_edu.owl,13,12,25
/media/nvme7n1/lniederberger/models/GLaMoR/GLaMoR-DataPipeline/data/ont_modules/University34_www_Department2_University34_edu.owl,13,12,25
/media/nvme7n1/lniederberger/models/GLaMoR/GLaMoR-DataPipeline/data/ont_modules/University34_www_Department3_University34_edu.owl,13,12,25
/media/nvme7n1/lniederberger/models/GLaMoR/GLaMoR-DataPipeline/data/ont_modules/University34_www_Department4_University34_edu.owl,13,12,25
/media/nvme7n1/lniederberger/models/GLaMoR/GLaMoR-DataPipeline/data/ont_modules/University34_www_Department5_University34_edu.owl,13,12,25
/media/nvme7n1/lniederberger/models/GLaMoR/GLaMoR-DataPipeline/data/ont_modules/University34_www_Department6_University34_edu.owl,13,12,25
/media/nvme7n1/lniederberger/models/GLaMoR/GLaMoR-DataPipeline/data/ont_modules/University34_www_Department7_University34_edu.owl,13,12,25
/media/nvme7n1/lniederberger/models/GLaMoR/GLaMoR-DataPipeline/data/ont_modules/University34_www_Department8_University34_edu.owl,13,12,25
/media/nvme7n1/lniederberger/models/GLaMoR/GLaMoR-DataPipeline/data/ont_modules/University34_www_Department9_University34_edu.owl,13,12,25
/media/nvme7n1/lniederberger/models/GLaMoR/GLaMoR-DataPipeline/data/ont_modules/University35_www_Department0_University35_edu.owl,13,12,25
/media/nvme7n1/lniederberger/models/GLaMoR/GLaMoR-DataPipeline/data/ont_modules/University35_www_Department10_University35_edu.owl,13,12,25
/media/nvme7n1/lniederberger/models/GLaMoR/GLaMoR-DataPipeline/data/ont_modules/University35_www_Department11_University35_edu.owl,13,12,25
/media/nvme7n1/lniederberger/models/GLaMoR/GLaMoR-DataPipeline/data/ont_modules/University35_www_Department12_University35_edu.owl,13,12,25
/media/nvme7n1/lniederberger/models/GLaMoR/GLaMoR-DataPipeline/data/ont_modules/University35_www_Department13_University35_edu.owl,13,12,25
/media/nvme7n1/lniederberger/models/GLaMoR/GLaMoR-DataPipeline/data/ont_modules/University35_www_Department14_University35_edu.owl,13,12,25
/media/nvme7n1/lniederberger/models/GLaMoR/GLaMoR-DataPipeline/data/ont_modules/University35_www_Department15_University35_edu.owl,13,12,25
/media/nvme7n1/lniederberger/models/GLaMoR/GLaMoR-DataPipeline/data/ont_modules/University35_www_Department16_University35_edu.owl,13,12,25
/media/nvme7n1/lniederberger/models/GLaMoR/GLaMoR-DataPipeline/data/ont_modules/University35_www_Department17_University35_edu.owl,13,12,25
/media/nvme7n1/lniederberger/models/GLaMoR/GLaMoR-DataPipeline/data/ont_modules/University35_www_Department18_University35_edu.owl,13,12,25
/media/nvme7n1/lniederberger/models/GLaMoR/GLaMoR-DataPipeline/data/ont_modules/University35_www_Department19_University35_edu.owl,13,12,25
/media/nvme7n1/lniederberger/models/GLaMoR/GLaMoR-DataPipeline/data/ont_modules/University35_www_Department1_University35_edu.owl,13,12,25
/media/nvme7n1/lniederberger/models/GLaMoR/GLaMoR-DataPipeline/data/ont_modules/University35_www_Department20_University35_edu.owl,13,12,25
/media/nvme7n1/lniederberger/models/GLaMoR/GLaMoR-DataPipeline/data/ont_modules/University35_www_Department21_University35_edu.owl,13,12,25
/media/nvme7n1/lniederberger/models/GLaMoR/GLaMoR-DataPipeline/data/ont_modules/University35_www_Department22_University35_edu.owl,13,12,25
/media/nvme7n1/lniederberger/models/GLaMoR/GLaMoR-DataPipeline/data/ont_modules/University35_www_Department23_University35_edu.owl,13,12,25
/media/nvme7n1/lniederberger/models/GLaMoR/GLaMoR-DataPipeline/data/ont_modules/University35_www_Department2_University35_edu.owl,13,12,25
/media/nvme7n1/lniederberger/models/GLaMoR/GLaMoR-DataPipeline/data/ont_modules/University35_www_Department3_University35_edu.owl,13,12,25
/media/nvme7n1/lniederberger/models/GLaMoR/GLaMoR-DataPipeline/data/ont_modules/University35_www_Department4_University35_edu.owl,13,12,25
/media/nvme7n1/lniederberger/models/GLaMoR/GLaMoR-DataPipeline/data/ont_modules/University35_www_Department5_University35_edu.owl,13,12,25
/media/nvme7n1/lniederberger/models/GLaMoR/GLaMoR-DataPipeline/data/ont_modules/University35_www_Department6_University35_edu.owl,13,12,25
/media/nvme7n1/lniederberger/models/GLaMoR/GLaMoR-DataPipeline/data/ont_modules/University35_www_Department7_University35_edu.owl,13,12,25
/media/nvme7n1/lniederberger/models/GLaMoR/GLaMoR-DataPipeline/data/ont_modules/University35_www_Department8_University35_edu.owl,13,12,25
/media/nvme7n1/lniederberger/models/GLaMoR/GLaMoR-DataPipeline/data/ont_modules/University35_www_Department9_University35_edu.owl,13,12,25
/media/nvme7n1/lniederberger/models/GLaMoR/GLaMoR-DataPipeline/data/ont_modules/University36_www_Department0_University36_edu.owl,13,12,25
/media/nvme7n1/lniederberger/models/GLaMoR/GLaMoR-DataPipeline/data/ont_modules/University36_www_Department10_University36_edu.owl,13,12,25
/media/nvme7n1/lniederberger/models/GLaMoR/GLaMoR-DataPipeline/data/ont_modules/University36_www_Department11_University36_edu.owl,13,12,25
/media/nvme7n1/lniederberger/models/GLaMoR/GLaMoR-DataPipeline/data/ont_modules/University36_www_Department12_University36_edu.owl,13,12,25
/media/nvme7n1/lniederberger/models/GLaMoR/GLaMoR-DataPipeline/data/ont_modules/University36_www_Department13_University36_edu.owl,13,12,25
/media/nvme7n1/lniederberger/models/GLaMoR/GLaMoR-DataPipeline/data/ont_modules/University36_www_Department14_University36_edu.owl,13,12,25
/media/nvme7n1/lniederberger/models/GLaMoR/GLaMoR-DataPipeline/data/ont_modules/University36_www_Department15_University36_edu.owl,13,12,25
/media/nvme7n1/lniederberger/models/GLaMoR/GLaMoR-DataPipeline/data/ont_modules/University36_www_Department16_University36_edu.owl,13,12,25
/media/nvme7n1/lniederberger/models/GLaMoR/GLaMoR-DataPipeline/data/ont_modules/University36_www_Department17_University36_edu.owl,13,12,25
/media/nvme7n1/lniederberger/models/GLaMoR/GLaMoR-DataPipeline/data/ont_modules/University36_www_Department18_University36_edu.owl,13,12,25
/media/nvme7n1/lniederberger/models/GLaMoR/GLaMoR-DataPipeline/data/ont_modules/University36_www_Department19_University36_edu.owl,13,12,25
/media/nvme7n1/lniederberger/models/GLaMoR/GLaMoR-DataPipeline/data/ont_modules/University36_www_Department1_University36_edu.owl,13,12,25
/media/nvme7n1/lniederberger/models/GLaMoR/GLaMoR-DataPipeline/data/ont_modules/University36_www_Department20_University36_edu.owl,13,12,25
/media/nvme7n1/lniederberger/models/GLaMoR/GLaMoR-DataPipeline/data/ont_modules/University36_www_Department21_University36_edu.owl,13,12,25
/media/nvme7n1/lniederberger/models/GLaMoR/GLaMoR-DataPipeline/data/ont_modules/University36_www_Department22_University36_edu.owl,13,12,25
/media/nvme7n1/lniederberger/models/GLaMoR/GLaMoR-DataPipeline/data/ont_modules/University36_www_Department23_University36_edu.owl,13,12,25
/media/nvme7n1/lniederberger/models/GLaMoR/GLaMoR-DataPipeline/data/ont_modules/University36_www_Department2_University36_edu.owl,13,12,25
/media/nvme7n1/lniederberger/models/GLaMoR/GLaMoR-DataPipeline/data/ont_modules/University36_www_Department3_University36_edu.owl,13,12,25
/media/nvme7n1/lniederberger/models/GLaMoR/GLaMoR-DataPipeline/data/ont_modules/University36_www_Department4_University36_edu.owl,13,12,25
/media/nvme7n1/lniederberger/models/GLaMoR/GLaMoR-DataPipeline/data/ont_modules/University36_www_Department5_University36_edu.owl,13,12,25
/media/nvme7n1/lniederberger/models/GLaMoR/GLaMoR-DataPipeline/data/ont_modules/University36_www_Department6_University36_edu.owl,13,12,25
/media/nvme7n1/lniederberger/models/GLaMoR/GLaMoR-DataPipeline/data/ont_modules/University36_www_Department7_University36_edu.owl,13,12,25
/media/nvme7n1/lniederberger/models/GLaMoR/GLaMoR-DataPipeline/data/ont_modules/University36_www_Department8_University36_edu.owl,13,12,25
/media/nvme7n1/lniederberger/models/GLaMoR/GLaMoR-DataPipeline/data/ont_modules/University36_www_Department9_University36_edu.owl,13,12,25
/media/nvme7n1/lniederberger/models/GLaMoR/GLaMoR-DataPipeline/data/ont_modules/University37_www_Department0_University37_edu.owl,13,12,25
/media/nvme7n1/lniederberger/models/GLaMoR/GLaMoR-DataPipeline/data/ont_modules/University37_www_Department10_University37_edu.owl,13,12,25
/media/nvme7n1/lniederberger/models/GLaMoR/GLaMoR-DataPipeline/data/ont_modules/University37_www_Department11_University37_edu.owl,13,12,25
/media/nvme7n1/lniederberger/models/GLaMoR/GLaMoR-DataPipeline/data/ont_modules/University37_www_Department12_University37_edu.owl,13,12,25
/media/nvme7n1/lniederberger/models/GLaMoR/GLaMoR-DataPipeline/data/ont_modules/University37_www_Department13_University37_edu.owl,13,12,25
/media/nvme7n1/lniederberger/models/GLaMoR/GLaMoR-DataPipeline/data/ont_modules/University37_www_Department14_University37_edu.owl,13,12,25
/media/nvme7n1/lniederberger/models/GLaMoR/GLaMoR-DataPipeline/data/ont_modules/University37_www_Department15_University37_edu.owl,13,12,25
/media/nvme7n1/lniederberger/models/GLaMoR/GLaMoR-DataPipeline/data/ont_modules/University37_www_Department16_University37_edu.owl,13,12,25
/media/nvme7n1/lniederberger/models/GLaMoR/GLaMoR-DataPipeline/data/ont_modules/University37_www_Department17_University37_edu.owl,13,12,25
/media/nvme7n1/lniederberger/models/GLaMoR/GLaMoR-DataPipeline/data/ont_modules/University37_www_Department1_University37_edu.owl,13,12,25
/media/nvme7n1/lniederberger/models/GLaMoR/GLaMoR-DataPipeline/data/ont_modules/University37_www_Department2_University37_edu.owl,13,12,25
/media/nvme7n1/lniederberger/models/GLaMoR/GLaMoR-DataPipeline/data/ont_modules/University37_www_Department3_University37_edu.owl,13,12,25
/media/nvme7n1/lniederberger/models/GLaMoR/GLaMoR-DataPipeline/data/ont_modules/University37_www_Department4_University37_edu.owl,13,12,25
/media/nvme7n1/lniederberger/models/GLaMoR/GLaMoR-DataPipeline/data/ont_modules/University37_www_Department5_University37_edu.owl,13,12,25
/media/nvme7n1/lniederberger/models/GLaMoR/GLaMoR-DataPipeline/data/ont_modules/University37_www_Department6_University37_edu.owl,13,12,25
/media/nvme7n1/lniederberger/models/GLaMoR/GLaMoR-DataPipeline/data/ont_modules/University37_www_Department7_University37_edu.owl,13,12,25
/media/nvme7n1/lniederberger/models/GLaMoR/GLaMoR-DataPipeline/data/ont_modules/University37_www_Department8_University37_edu.owl,13,12,25
/media/nvme7n1/lniederberger/models/GLaMoR/GLaMoR-DataPipeline/data/ont_modules/University37_www_Department9_University37_edu.owl,13,12,25
/media/nvme7n1/lniederberger/models/GLaMoR/GLaMoR-DataPipeline/data/ont_modules/University38_www_Department0_University38_edu.owl,13,12,25
/media/nvme7n1/lniederberger/models/GLaMoR/GLaMoR-DataPipeline/data/ont_modules/University38_www_Department10_University38_edu.owl,13,12,25
/media/nvme7n1/lniederberger/models/GLaMoR/GLaMoR-DataPipeline/data/ont_modules/University38_www_Department11_University38_edu.owl,13,12,25
/media/nvme7n1/lniederberger/models/GLaMoR/GLaMoR-DataPipeline/data/ont_modules/University38_www_Department12_University38_edu.owl,13,12,25
/media/nvme7n1/lniederberger/models/GLaMoR/GLaMoR-DataPipeline/data/ont_modules/University38_www_Department13_University38_edu.owl,13,12,25
/media/nvme7n1/lniederberger/models/GLaMoR/GLaMoR-DataPipeline/data/ont_modules/University38_www_Department14_University38_edu.owl,13,12,25
/media/nvme7n1/lniederberger/models/GLaMoR/GLaMoR-DataPipeline/data/ont_modules/University38_www_Department1_University38_edu.owl,13,12,25
/media/nvme7n1/lniederberger/models/GLaMoR/GLaMoR-DataPipeline/data/ont_modules/University38_www_Department2_University38_edu.owl,13,12,25
/media/nvme7n1/lniederberger/models/GLaMoR/GLaMoR-DataPipeline/data/ont_modules/University38_www_Department3_University38_edu.owl,13,12,25
/media/nvme7n1/lniederberger/models/GLaMoR/GLaMoR-DataPipeline/data/ont_modules/University38_www_Department4_University38_edu.owl,13,12,25
/media/nvme7n1/lniederberger/models/GLaMoR/GLaMoR-DataPipeline/data/ont_modules/University38_www_Department5_University38_edu.owl,13,12,25
/media/nvme7n1/lniederberger/models/GLaMoR/GLaMoR-DataPipeline/data/ont_modules/University38_www_Department6_University38_edu.owl,13,12,25
/media/nvme7n1/lniederberger/models/GLaMoR/GLaMoR-DataPipeline/data/ont_modules/University38_www_Department7_University38_edu.owl,13,12,25
/media/nvme7n1/lniederberger/models/GLaMoR/GLaMoR-DataPipeline/data/ont_modules/University38_www_Department8_University38_edu.owl,13,12,25
/media/nvme7n1/lniederberger/models/GLaMoR/GLaMoR-DataPipeline/data/ont_modules/University38_www_Department9_University38_edu.owl,13,12,25
/media/nvme7n1/lniederberger/models/GLaMoR/GLaMoR-DataPipeline/data/ont_modules/University39_www_Department0_University39_edu.owl,13,12,25
/media/nvme7n1/lniederberger/models/GLaMoR/GLaMoR-DataPipeline/data/ont_modules/University39_www_Department10_University39_edu.owl,13,12,25
/media/nvme7n1/lniederberger/models/GLaMoR/GLaMoR-DataPipeline/data/ont_modules/University39_www_Department11_University39_edu.owl,13,12,25
/media/nvme7n1/lniederberger/models/GLaMoR/GLaMoR-DataPipeline/data/ont_modules/University39_www_Department12_University39_edu.owl,13,12,25
/media/nvme7n1/lniederberger/models/GLaMoR/GLaMoR-DataPipeline/data/ont_modules/University39_www_Department13_University39_edu.owl,13,12,25
/media/nvme7n1/lniederberger/models/GLaMoR/GLaMoR-DataPipeline/data/ont_modules/University39_www_Department14_University39_edu.owl,13,12,25
/media/nvme7n1/lniederberger/models/GLaMoR/GLaMoR-DataPipeline/data/ont_modules/University39_www_Department15_University39_edu.owl,13,12,25
/media/nvme7n1/lniederberger/models/GLaMoR/GLaMoR-DataPipeline/data/ont_modules/University39_www_Department16_University39_edu.owl,13,12,25
/media/nvme7n1/lniederberger/models/GLaMoR/GLaMoR-DataPipeline/data/ont_modules/University39_www_Department17_University39_edu.owl,13,12,25
/media/nvme7n1/lniederberger/models/GLaMoR/GLaMoR-DataPipeline/data/ont_modules/University39_www_Department18_University39_edu.owl,13,12,25
/media/nvme7n1/lniederberger/models/GLaMoR/GLaMoR-DataPipeline/data/ont_modules/University39_www_Department19_University39_edu.owl,13,12,25
/media/nvme7n1/lniederberger/models/GLaMoR/GLaMoR-DataPipeline/data/ont_modules/University39_www_Department1_University39_edu.owl,13,12,25
/media/nvme7n1/lniederberger/models/GLaMoR/GLaMoR-DataPipeline/data/ont_modules/University39_www_Department2_University39_edu.owl,13,12,25
/media/nvme7n1/lniederberger/models/GLaMoR/GLaMoR-DataPipeline/data/ont_modules/University39_www_Department3_University39_edu.owl,13,12,25
/media/nvme7n1/lniederberger/models/GLaMoR/GLaMoR-DataPipeline/data/ont_modules/University39_www_Department4_University39_edu.owl,13,12,25
/media/nvme7n1/lniederberger/models/GLaMoR/GLaMoR-DataPipeline/data/ont_modules/University39_www_Department5_University39_edu.owl,13,12,25
/media/nvme7n1/lniederberger/models/GLaMoR/GLaMoR-DataPipeline/data/ont_modules/University39_www_Department6_University39_edu.owl,13,12,25
/media/nvme7n1/lniederberger/models/GLaMoR/GLaMoR-DataPipeline/data/ont_modules/University39_www_Department7_University39_edu.owl,13,12,25
/media/nvme7n1/lniederberger/models/GLaMoR/GLaMoR-DataPipeline/data/ont_modules/University39_www_Department8_University39_edu.owl,13,12,25
/media/nvme7n1/lniederberger/models/GLaMoR/GLaMoR-DataPipeline/data/ont_modules/University39_www_Department9_University39_edu.owl,13,12,25
/media/nvme7n1/lniederberger/models/GLaMoR/GLaMoR-DataPipeline/data/ont_modules/University3_www_Department0_University3_edu.owl,13,12,25
/media/nvme7n1/lniederberger/models/GLaMoR/GLaMoR-DataPipeline/data/ont_modules/University3_www_Department10_University3_edu.owl,13,12,25
/media/nvme7n1/lniederberger/models/GLaMoR/GLaMoR-DataPipeline/data/ont_modules/University3_www_Department11_University3_edu.owl,13,12,25
/media/nvme7n1/lniederberger/models/GLaMoR/GLaMoR-DataPipeline/data/ont_modules/University3_www_Department12_University3_edu.owl,13,12,25
/media/nvme7n1/lniederberger/models/GLaMoR/GLaMoR-DataPipeline/data/ont_modules/University3_www_Department13_University3_edu.owl,13,12,25
/media/nvme7n1/lniederberger/models/GLaMoR/GLaMoR-DataPipeline/data/ont_modules/University3_www_Department14_University3_edu.owl,13,12,25
/media/nvme7n1/lniederberger/models/GLaMoR/GLaMoR-DataPipeline/data/ont_modules/University3_www_Department15_University3_edu.owl,13,12,25
/media/nvme7n1/lniederberger/models/GLaMoR/GLaMoR-DataPipeline/data/ont_modules/University3_www_Department16_University3_edu.owl,13,12,25
/media/nvme7n1/lniederberger/models/GLaMoR/GLaMoR-DataPipeline/data/ont_modules/University3_www_Department17_University3_edu.owl,13,12,25
/media/nvme7n1/lniederberger/models/GLaMoR/GLaMoR-DataPipeline/data/ont_modules/University3_www_Department18_University3_edu.owl,13,12,25
/media/nvme7n1/lniederberger/models/GLaMoR/GLaMoR-DataPipeline/data/ont_modules/University3_www_Department19_University3_edu.owl,13,12,25
/media/nvme7n1/lniederberger/models/GLaMoR/GLaMoR-DataPipeline/data/ont_modules/University3_www_Department1_University3_edu.owl,13,12,25
/media/nvme7n1/lniederberger/models/GLaMoR/GLaMoR-DataPipeline/data/ont_modules/University3_www_Department20_University3_edu.owl,13,12,25
/media/nvme7n1/lniederberger/models/GLaMoR/GLaMoR-DataPipeline/data/ont_modules/University3_www_Department2_University3_edu.owl,13,12,25
/media/nvme7n1/lniederberger/models/GLaMoR/GLaMoR-DataPipeline/data/ont_modules/University3_www_Department3_University3_edu.owl,13,12,25
/media/nvme7n1/lniederberger/models/GLaMoR/GLaMoR-DataPipeline/data/ont_modules/University3_www_Department4_University3_edu.owl,13,12,25
/media/nvme7n1/lniederberger/models/GLaMoR/GLaMoR-DataPipeline/data/ont_modules/University3_www_Department5_University3_edu.owl,13,12,25
/media/nvme7n1/lniederberger/models/GLaMoR/GLaMoR-DataPipeline/data/ont_modules/University3_www_Department6_University3_edu.owl,13,12,25
/media/nvme7n1/lniederberger/models/GLaMoR/GLaMoR-DataPipeline/data/ont_modules/University3_www_Department7_University3_edu.owl,13,12,25
/media/nvme7n1/lniederberger/models/GLaMoR/GLaMoR-DataPipeline/data/ont_modules/University3_www_Department8_University3_edu.owl,13,12,25
/media/nvme7n1/lniederberger/models/GLaMoR/GLaMoR-DataPipeline/data/ont_modules/University3_www_Department9_University3_edu.owl,13,12,25
/media/nvme7n1/lniederberger/models/GLaMoR/GLaMoR-DataPipeline/data/ont_modules/University40_www_Department0_University40_edu.owl,13,12,25
/media/nvme7n1/lniederberger/models/GLaMoR/GLaMoR-DataPipeline/data/ont_modules/University40_www_Department10_University40_edu.owl,13,12,25
/media/nvme7n1/lniederberger/models/GLaMoR/GLaMoR-DataPipeline/data/ont_modules/University40_www_Department11_University40_edu.owl,13,12,25
/media/nvme7n1/lniederberger/models/GLaMoR/GLaMoR-DataPipeline/data/ont_modules/University40_www_Department12_University40_edu.owl,13,12,25
/media/nvme7n1/lniederberger/models/GLaMoR/GLaMoR-DataPipeline/data/ont_modules/University40_www_Department13_University40_edu.owl,13,12,25
/media/nvme7n1/lniederberger/models/GLaMoR/GLaMoR-DataPipeline/data/ont_modules/University40_www_Department14_University40_edu.owl,13,12,25
/media/nvme7n1/lniederberger/models/GLaMoR/GLaMoR-DataPipeline/data/ont_modules/University40_www_Department15_University40_edu.owl,13,12,25
/media/nvme7n1/lniederberger/models/GLaMoR/GLaMoR-DataPipeline/data/ont_modules/University40_www_Department16_University40_edu.owl,13,12,25
/media/nvme7n1/lniederberger/models/GLaMoR/GLaMoR-DataPipeline/data/ont_modules/University40_www_Department17_University40_edu.owl,13,12,25
/media/nvme7n1/lniederberger/models/GLaMoR/GLaMoR-DataPipeline/data/ont_modules/University40_www_Department18_University40_edu.owl,13,12,25
/media/nvme7n1/lniederberger/models/GLaMoR/GLaMoR-DataPipeline/data/ont_modules/University40_www_Department19_University40_edu.owl,13,12,25
/media/nvme7n1/lniederberger/models/GLaMoR/GLaMoR-DataPipeline/data/ont_modules/University40_www_Department1_University40_edu.owl,13,12,25
/media/nvme7n1/lniederberger/models/GLaMoR/GLaMoR-DataPipeline/data/ont_modules/University40_www_Department20_University40_edu.owl,13,12,25
/media/nvme7n1/lniederberger/models/GLaMoR/GLaMoR-DataPipeline/data/ont_modules/University40_www_Department2_University40_edu.owl,13,12,25
/media/nvme7n1/lniederberger/models/GLaMoR/GLaMoR-DataPipeline/data/ont_modules/University40_www_Department3_University40_edu.owl,13,12,25
/media/nvme7n1/lniederberger/models/GLaMoR/GLaMoR-DataPipeline/data/ont_modules/University40_www_Department4_University40_edu.owl,13,12,25
/media/nvme7n1/lniederberger/models/GLaMoR/GLaMoR-DataPipeline/data/ont_modules/University40_www_Department5_University40_edu.owl,13,12,25
/media/nvme7n1/lniederberger/models/GLaMoR/GLaMoR-DataPipeline/data/ont_modules/University40_www_Department6_University40_edu.owl,13,12,25
/media/nvme7n1/lniederberger/models/GLaMoR/GLaMoR-DataPipeline/data/ont_modules/University40_www_Department7_University40_edu.owl,13,12,25
/media/nvme7n1/lniederberger/models/GLaMoR/GLaMoR-DataPipeline/data/ont_modules/University40_www_Department8_University40_edu.owl,13,12,25
/media/nvme7n1/lniederberger/models/GLaMoR/GLaMoR-DataPipeline/data/ont_modules/University40_www_Department9_University40_edu.owl,13,12,25
/media/nvme7n1/lniederberger/models/GLaMoR/GLaMoR-DataPipeline/data/ont_modules/University41_www_Department0_University41_edu.owl,13,12,25
/media/nvme7n1/lniederberger/models/GLaMoR/GLaMoR-DataPipeline/data/ont_modules/University41_www_Department10_University41_edu.owl,13,12,25
/media/nvme7n1/lniederberger/models/GLaMoR/GLaMoR-DataPipeline/data/ont_modules/University41_www_Department11_University41_edu.owl,13,12,25
/media/nvme7n1/lniederberger/models/GLaMoR/GLaMoR-DataPipeline/data/ont_modules/University41_www_Department12_University41_edu.owl,13,12,25
/media/nvme7n1/lniederberger/models/GLaMoR/GLaMoR-DataPipeline/data/ont_modules/University41_www_Department13_University41_edu.owl,13,12,25
/media/nvme7n1/lniederberger/models/GLaMoR/GLaMoR-DataPipeline/data/ont_modules/University41_www_Department14_University41_edu.owl,13,12,25
/media/nvme7n1/lniederberger/models/GLaMoR/GLaMoR-DataPipeline/data/ont_modules/University41_www_Department15_University41_edu.owl,13,12,25
/media/nvme7n1/lniederberger/models/GLaMoR/GLaMoR-DataPipeline/data/ont_modules/University41_www_Department16_University41_edu.owl,13,12,25
/media/nvme7n1/lniederberger/models/GLaMoR/GLaMoR-DataPipeline/data/ont_modules/University41_www_Department17_University41_edu.owl,13,12,25
/media/nvme7n1/lniederberger/models/GLaMoR/GLaMoR-DataPipeline/data/ont_modules/University41_www_Department18_University41_edu.owl,13,12,25
/media/nvme7n1/lniederberger/models/GLaMoR/GLaMoR-DataPipeline/data/ont_modules/University41_www_Department19_University41_edu.owl,13,12,25
/media/nvme7n1/lniederberger/models/GLaMoR/GLaMoR-DataPipeline/data/ont_modules/University41_www_Department1_University41_edu.owl,13,12,25
/media/nvme7n1/lniederberger/models/GLaMoR/GLaMoR-DataPipeline/data/ont_modules/University41_www_Department20_University41_edu.owl,13,12,25
/media/nvme7n1/lniederberger/models/GLaMoR/GLaMoR-DataPipeline/data/ont_modules/University41_www_Department21_University41_edu.owl,13,12,25
/media/nvme7n1/lniederberger/models/GLaMoR/GLaMoR-DataPipeline/data/ont_modules/University41_www_Department22_University41_edu.owl,13,12,25
/media/nvme7n1/lniederberger/models/GLaMoR/GLaMoR-DataPipeline/data/ont_modules/University41_www_Department23_University41_edu.owl,13,12,25
/media/nvme7n1/lniederberger/models/GLaMoR/GLaMoR-DataPipeline/data/ont_modules/University41_www_Department24_University41_edu.owl,13,12,25
/media/nvme7n1/lniederberger/models/GLaMoR/GLaMoR-DataPipeline/data/ont_modules/University41_www_Department2_University41_edu.owl,13,12,25
/media/nvme7n1/lniederberger/models/GLaMoR/GLaMoR-DataPipeline/data/ont_modules/University41_www_Department3_University41_edu.owl,13,12,25
/media/nvme7n1/lniederberger/models/GLaMoR/GLaMoR-DataPipeline/data/ont_modules/University41_www_Department4_University41_edu.owl,13,12,25
/media/nvme7n1/lniederberger/models/GLaMoR/GLaMoR-DataPipeline/data/ont_modules/University41_www_Department5_University41_edu.owl,13,12,25
/media/nvme7n1/lniederberger/models/GLaMoR/GLaMoR-DataPipeline/data/ont_modules/University41_www_Department6_University41_edu.owl,13,12,25
/media/nvme7n1/lniederberger/models/GLaMoR/GLaMoR-DataPipeline/data/ont_modules/University41_www_Department7_University41_edu.owl,13,12,25
/media/nvme7n1/lniederberger/models/GLaMoR/GLaMoR-DataPipeline/data/ont_modules/University41_www_Department8_University41_edu.owl,13,12,25
/media/nvme7n1/lniederberger/models/GLaMoR/GLaMoR-DataPipeline/data/ont_modules/University41_www_Department9_University41_edu.owl,13,12,25
/media/nvme7n1/lniederberger/models/GLaMoR/GLaMoR-DataPipeline/data/ont_modules/University42_www_Department0_University42_edu.owl,13,12,25
/media/nvme7n1/lniederberger/models/GLaMoR/GLaMoR-DataPipeline/data/ont_modules/University42_www_Department10_University42_edu.owl,13,12,25
/media/nvme7n1/lniederberger/models/GLaMoR/GLaMoR-DataPipeline/data/ont_modules/University42_www_Department11_University42_edu.owl,13,12,25
/media/nvme7n1/lniederberger/models/GLaMoR/GLaMoR-DataPipeline/data/ont_modules/University42_www_Department12_University42_edu.owl,13,12,25
/media/nvme7n1/lniederberger/models/GLaMoR/GLaMoR-DataPipeline/data/ont_modules/University42_www_Department13_University42_edu.owl,13,12,25
/media/nvme7n1/lniederberger/models/GLaMoR/GLaMoR-DataPipeline/data/ont_modules/University42_www_Department14_University42_edu.owl,13,12,25
/media/nvme7n1/lniederberger/models/GLaMoR/GLaMoR-DataPipeline/data/ont_modules/University42_www_Department15_University42_edu.owl,13,12,25
/media/nvme7n1/lniederberger/models/GLaMoR/GLaMoR-DataPipeline/data/ont_modules/University42_www_Department16_University42_edu.owl,13,12,25
/media/nvme7n1/lniederberger/models/GLaMoR/GLaMoR-DataPipeline/data/ont_modules/University42_www_Department17_University42_edu.owl,13,12,25
/media/nvme7n1/lniederberger/models/GLaMoR/GLaMoR-DataPipeline/data/ont_modules/University42_www_Department18_University42_edu.owl,13,12,25
/media/nvme7n1/lniederberger/models/GLaMoR/GLaMoR-DataPipeline/data/ont_modules/University42_www_Department19_University42_edu.owl,13,12,25
/media/nvme7n1/lniederberger/models/GLaMoR/GLaMoR-DataPipeline/data/ont_modules/University42_www_Department1_University42_edu.owl,13,12,25
/media/nvme7n1/lniederberger/models/GLaMoR/GLaMoR-DataPipeline/data/ont_modules/University42_www_Department20_University42_edu.owl,13,12,25
/media/nvme7n1/lniederberger/models/GLaMoR/GLaMoR-DataPipeline/data/ont_modules/University42_www_Department21_University42_edu.owl,13,12,25
/media/nvme7n1/lniederberger/models/GLaMoR/GLaMoR-DataPipeline/data/ont_modules/University42_www_Department2_University42_edu.owl,13,12,25
/media/nvme7n1/lniederberger/models/GLaMoR/GLaMoR-DataPipeline/data/ont_modules/University42_www_Department3_University42_edu.owl,13,12,25
/media/nvme7n1/lniederberger/models/GLaMoR/GLaMoR-DataPipeline/data/ont_modules/University42_www_Department4_University42_edu.owl,13,12,25
/media/nvme7n1/lniederberger/models/GLaMoR/GLaMoR-DataPipeline/data/ont_modules/University42_www_Department5_University42_edu.owl,13,12,25
/media/nvme7n1/lniederberger/models/GLaMoR/GLaMoR-DataPipeline/data/ont_modules/University42_www_Department6_University42_edu.owl,13,12,25
/media/nvme7n1/lniederberger/models/GLaMoR/GLaMoR-DataPipeline/data/ont_modules/University42_www_Department7_University42_edu.owl,13,12,25
/media/nvme7n1/lniederberger/models/GLaMoR/GLaMoR-DataPipeline/data/ont_modules/University42_www_Department8_University42_edu.owl,13,12,25
/media/nvme7n1/lniederberger/models/GLaMoR/GLaMoR-DataPipeline/data/ont_modules/University42_www_Department9_University42_edu.owl,13,12,25
/media/nvme7n1/lniederberger/models/GLaMoR/GLaMoR-DataPipeline/data/ont_modules/University43_www_Department0_University43_edu.owl,13,12,25
/media/nvme7n1/lniederberger/models/GLaMoR/GLaMoR-DataPipeline/data/ont_modules/University43_www_Department10_University43_edu.owl,13,12,25
/media/nvme7n1/lniederberger/models/GLaMoR/GLaMoR-DataPipeline/data/ont_modules/University43_www_Department11_University43_edu.owl,13,12,25
/media/nvme7n1/lniederberger/models/GLaMoR/GLaMoR-DataPipeline/data/ont_modules/University43_www_Department12_University43_edu.owl,13,12,25
/media/nvme7n1/lniederberger/models/GLaMoR/GLaMoR-DataPipeline/data/ont_modules/University43_www_Department13_University43_edu.owl,13,12,25
/media/nvme7n1/lniederberger/models/GLaMoR/GLaMoR-DataPipeline/data/ont_modules/University43_www_Department14_University43_edu.owl,13,12,25
/media/nvme7n1/lniederberger/models/GLaMoR/GLaMoR-DataPipeline/data/ont_modules/University43_www_Department15_University43_edu.owl,13,12,25
/media/nvme7n1/lniederberger/models/GLaMoR/GLaMoR-DataPipeline/data/ont_modules/University43_www_Department1_University43_edu.owl,13,12,25
/media/nvme7n1/lniederberger/models/GLaMoR/GLaMoR-DataPipeline/data/ont_modules/University43_www_Department2_University43_edu.owl,13,12,25
/media/nvme7n1/lniederberger/models/GLaMoR/GLaMoR-DataPipeline/data/ont_modules/University43_www_Department3_University43_edu.owl,13,12,25
/media/nvme7n1/lniederberger/models/GLaMoR/GLaMoR-DataPipeline/data/ont_modules/University43_www_Department4_University43_edu.owl,13,12,25
/media/nvme7n1/lniederberger/models/GLaMoR/GLaMoR-DataPipeline/data/ont_modules/University43_www_Department5_University43_edu.owl,13,12,25
/media/nvme7n1/lniederberger/models/GLaMoR/GLaMoR-DataPipeline/data/ont_modules/University43_www_Department6_University43_edu.owl,13,12,25
/media/nvme7n1/lniederberger/models/GLaMoR/GLaMoR-DataPipeline/data/ont_modules/University43_www_Department7_University43_edu.owl,13,12,25
/media/nvme7n1/lniederberger/models/GLaMoR/GLaMoR-DataPipeline/data/ont_modules/University43_www_Department8_University43_edu.owl,13,12,25
/media/nvme7n1/lniederberger/models/GLaMoR/GLaMoR-DataPipeline/data/ont_modules/University43_www_Department9_University43_edu.owl,13,12,25
/media/nvme7n1/lniederberger/models/GLaMoR/GLaMoR-DataPipeline/data/ont_modules/University44_www_Department0_University44_edu.owl,13,12,25
/media/nvme7n1/lniederberger/models/GLaMoR/GLaMoR-DataPipeline/data/ont_modules/University44_www_Department10_University44_edu.owl,13,12,25
/media/nvme7n1/lniederberger/models/GLaMoR/GLaMoR-DataPipeline/data/ont_modules/University44_www_Department11_University44_edu.owl,13,12,25
/media/nvme7n1/lniederberger/models/GLaMoR/GLaMoR-DataPipeline/data/ont_modules/University44_www_Department12_University44_edu.owl,13,12,25
/media/nvme7n1/lniederberger/models/GLaMoR/GLaMoR-DataPipeline/data/ont_modules/University44_www_Department13_University44_edu.owl,13,12,25
/media/nvme7n1/lniederberger/models/GLaMoR/GLaMoR-DataPipeline/data/ont_modules/University44_www_Department14_University44_edu.owl,13,12,25
/media/nvme7n1/lniederberger/models/GLaMoR/GLaMoR-DataPipeline/data/ont_modules/University44_www_Department15_University44_edu.owl,13,12,25
/media/nvme7n1/lniederberger/models/GLaMoR/GLaMoR-DataPipeline/data/ont_modules/University44_www_Department16_University44_edu.owl,13,12,25
/media/nvme7n1/lniederberger/models/GLaMoR/GLaMoR-DataPipeline/data/ont_modules/University44_www_Department1_University44_edu.owl,13,12,25
/media/nvme7n1/lniederberger/models/GLaMoR/GLaMoR-DataPipeline/data/ont_modules/University44_www_Department2_University44_edu.owl,13,12,25
/media/nvme7n1/lniederberger/models/GLaMoR/GLaMoR-DataPipeline/data/ont_modules/University44_www_Department3_University44_edu.owl,13,12,25
/media/nvme7n1/lniederberger/models/GLaMoR/GLaMoR-DataPipeline/data/ont_modules/University44_www_Department4_University44_edu.owl,13,12,25
/media/nvme7n1/lniederberger/models/GLaMoR/GLaMoR-DataPipeline/data/ont_modules/University44_www_Department5_University44_edu.owl,13,12,25
/media/nvme7n1/lniederberger/models/GLaMoR/GLaMoR-DataPipeline/data/ont_modules/University44_www_Department6_University44_edu.owl,13,12,25
/media/nvme7n1/lniederberger/models/GLaMoR/GLaMoR-DataPipeline/data/ont_modules/University44_www_Department7_University44_edu.owl,13,12,25
/media/nvme7n1/lniederberger/models/GLaMoR/GLaMoR-DataPipeline/data/ont_modules/University44_www_Department8_University44_edu.owl,13,12,25
/media/nvme7n1/lniederberger/models/GLaMoR/GLaMoR-DataPipeline/data/ont_modules/University44_www_Department9_University44_edu.owl,13,12,25
/media/nvme7n1/lniederberger/models/GLaMoR/GLaMoR-DataPipeline/data/ont_modules/University45_www_Department0_University45_edu.owl,13,12,25
/media/nvme7n1/lniederberger/models/GLaMoR/GLaMoR-DataPipeline/data/ont_modules/University45_www_Department10_University45_edu.owl,13,12,25
/media/nvme7n1/lniederberger/models/GLaMoR/GLaMoR-DataPipeline/data/ont_modules/University45_www_Department11_University45_edu.owl,13,12,25
/media/nvme7n1/lniederberger/models/GLaMoR/GLaMoR-DataPipeline/data/ont_modules/University45_www_Department12_University45_edu.owl,13,12,25
/media/nvme7n1/lniederberger/models/GLaMoR/GLaMoR-DataPipeline/data/ont_modules/University45_www_Department13_University45_edu.owl,13,12,25
/media/nvme7n1/lniederberger/models/GLaMoR/GLaMoR-DataPipeline/data/ont_modules/University45_www_Department14_University45_edu.owl,13,12,25
/media/nvme7n1/lniederberger/models/GLaMoR/GLaMoR-DataPipeline/data/ont_modules/University45_www_Department15_University45_edu.owl,13,12,25
/media/nvme7n1/lniederberger/models/GLaMoR/GLaMoR-DataPipeline/data/ont_modules/University45_www_Department16_University45_edu.owl,13,12,25
/media/nvme7n1/lniederberger/models/GLaMoR/GLaMoR-DataPipeline/data/ont_modules/University45_www_Department17_University45_edu.owl,13,12,25
/media/nvme7n1/lniederberger/models/GLaMoR/GLaMoR-DataPipeline/data/ont_modules/University45_www_Department18_University45_edu.owl,13,12,25
/media/nvme7n1/lniederberger/models/GLaMoR/GLaMoR-DataPipeline/data/ont_modules/University45_www_Department19_University45_edu.owl,13,12,25
/media/nvme7n1/lniederberger/models/GLaMoR/GLaMoR-DataPipeline/data/ont_modules/University45_www_Department1_University45_edu.owl,13,12,25
/media/nvme7n1/lniederberger/models/GLaMoR/GLaMoR-DataPipeline/data/ont_modules/University45_www_Department20_University45_edu.owl,13,12,25
/media/nvme7n1/lniederberger/models/GLaMoR/GLaMoR-DataPipeline/data/ont_modules/University45_www_Department2_University45_edu.owl,13,12,25
/media/nvme7n1/lniederberger/models/GLaMoR/GLaMoR-DataPipeline/data/ont_modules/University45_www_Department3_University45_edu.owl,13,12,25
/media/nvme7n1/lniederberger/models/GLaMoR/GLaMoR-DataPipeline/data/ont_modules/University45_www_Department4_University45_edu.owl,13,12,25
/media/nvme7n1/lniederberger/models/GLaMoR/GLaMoR-DataPipeline/data/ont_modules/University45_www_Department5_University45_edu.owl,13,12,25
/media/nvme7n1/lniederberger/models/GLaMoR/GLaMoR-DataPipeline/data/ont_modules/University45_www_Department6_University45_edu.owl,13,12,25
/media/nvme7n1/lniederberger/models/GLaMoR/GLaMoR-DataPipeline/data/ont_modules/University45_www_Department7_University45_edu.owl,13,12,25
/media/nvme7n1/lniederberger/models/GLaMoR/GLaMoR-DataPipeline/data/ont_modules/University45_www_Department8_University45_edu.owl,13,12,25
/media/nvme7n1/lniederberger/models/GLaMoR/GLaMoR-DataPipeline/data/ont_modules/University45_www_Department9_University45_edu.owl,13,12,25
/media/nvme7n1/lniederberger/models/GLaMoR/GLaMoR-DataPipeline/data/ont_modules/University46_www_Department0_University46_edu.owl,13,12,25
/media/nvme7n1/lniederberger/models/GLaMoR/GLaMoR-DataPipeline/data/ont_modules/University46_www_Department10_University46_edu.owl,13,12,25
/media/nvme7n1/lniederberger/models/GLaMoR/GLaMoR-DataPipeline/data/ont_modules/University46_www_Department11_University46_edu.owl,13,12,25
/media/nvme7n1/lniederberger/models/GLaMoR/GLaMoR-DataPipeline/data/ont_modules/University46_www_Department12_University46_edu.owl,13,12,25
/media/nvme7n1/lniederberger/models/GLaMoR/GLaMoR-DataPipeline/data/ont_modules/University46_www_Department13_University46_edu.owl,13,12,25
/media/nvme7n1/lniederberger/models/GLaMoR/GLaMoR-DataPipeline/data/ont_modules/University46_www_Department14_University46_edu.owl,13,12,25
/media/nvme7n1/lniederberger/models/GLaMoR/GLaMoR-DataPipeline/data/ont_modules/University46_www_Department15_University46_edu.owl,13,12,25
/media/nvme7n1/lniederberger/models/GLaMoR/GLaMoR-DataPipeline/data/ont_modules/University46_www_Department16_University46_edu.owl,13,12,25
/media/nvme7n1/lniederberger/models/GLaMoR/GLaMoR-DataPipeline/data/ont_modules/University46_www_Department17_University46_edu.owl,13,12,25
/media/nvme7n1/lniederberger/models/GLaMoR/GLaMoR-DataPipeline/data/ont_modules/University46_www_Department18_University46_edu.owl,13,12,25
/media/nvme7n1/lniederberger/models/GLaMoR/GLaMoR-DataPipeline/data/ont_modules/University46_www_Department1_University46_edu.owl,13,12,25
/media/nvme7n1/lniederberger/models/GLaMoR/GLaMoR-DataPipeline/data/ont_modules/University46_www_Department2_University46_edu.owl,13,12,25
/media/nvme7n1/lniederberger/models/GLaMoR/GLaMoR-DataPipeline/data/ont_modules/University46_www_Department3_University46_edu.owl,13,12,25
/media/nvme7n1/lniederberger/models/GLaMoR/GLaMoR-DataPipeline/data/ont_modules/University46_www_Department4_University46_edu.owl,13,12,25
/media/nvme7n1/lniederberger/models/GLaMoR/GLaMoR-DataPipeline/data/ont_modules/University46_www_Department5_University46_edu.owl,13,12,25
/media/nvme7n1/lniederberger/models/GLaMoR/GLaMoR-DataPipeline/data/ont_modules/University46_www_Department6_University46_edu.owl,13,12,25
/media/nvme7n1/lniederberger/models/GLaMoR/GLaMoR-DataPipeline/data/ont_modules/University46_www_Department7_University46_edu.owl,13,12,25
/media/nvme7n1/lniederberger/models/GLaMoR/GLaMoR-DataPipeline/data/ont_modules/University46_www_Department8_University46_edu.owl,13,12,25
/media/nvme7n1/lniederberger/models/GLaMoR/GLaMoR-DataPipeline/data/ont_modules/University46_www_Department9_University46_edu.owl,13,12,25
/media/nvme7n1/lniederberger/models/GLaMoR/GLaMoR-DataPipeline/data/ont_modules/University47_www_Department0_University47_edu.owl,13,12,25
/media/nvme7n1/lniederberger/models/GLaMoR/GLaMoR-DataPipeline/data/ont_modules/University47_www_Department10_University47_edu.owl,13,12,25
/media/nvme7n1/lniederberger/models/GLaMoR/GLaMoR-DataPipeline/data/ont_modules/University47_www_Department11_University47_edu.owl,13,12,25
/media/nvme7n1/lniederberger/models/GLaMoR/GLaMoR-DataPipeline/data/ont_modules/University47_www_Department12_University47_edu.owl,13,12,25
/media/nvme7n1/lniederberger/models/GLaMoR/GLaMoR-DataPipeline/data/ont_modules/University47_www_Department13_University47_edu.owl,13,12,25
/media/nvme7n1/lniederberger/models/GLaMoR/GLaMoR-DataPipeline/data/ont_modules/University47_www_Department14_University47_edu.owl,13,12,25
/media/nvme7n1/lniederberger/models/GLaMoR/GLaMoR-DataPipeline/data/ont_modules/University47_www_Department15_University47_edu.owl,13,12,25
/media/nvme7n1/lniederberger/models/GLaMoR/GLaMoR-DataPipeline/data/ont_modules/University47_www_Department16_University47_edu.owl,13,12,25
/media/nvme7n1/lniederberger/models/GLaMoR/GLaMoR-DataPipeline/data/ont_modules/University47_www_Department17_University47_edu.owl,13,12,25
/media/nvme7n1/lniederberger/models/GLaMoR/GLaMoR-DataPipeline/data/ont_modules/University47_www_Department18_University47_edu.owl,13,12,25
/media/nvme7n1/lniederberger/models/GLaMoR/GLaMoR-DataPipeline/data/ont_modules/University47_www_Department19_University47_edu.owl,13,12,25
/media/nvme7n1/lniederberger/models/GLaMoR/GLaMoR-DataPipeline/data/ont_modules/University47_www_Department1_University47_edu.owl,13,12,25
/media/nvme7n1/lniederberger/models/GLaMoR/GLaMoR-DataPipeline/data/ont_modules/University47_www_Department20_University47_edu.owl,13,12,25
/media/nvme7n1/lniederberger/models/GLaMoR/GLaMoR-DataPipeline/data/ont_modules/University47_www_Department21_University47_edu.owl,13,12,25
/media/nvme7n1/lniederberger/models/GLaMoR/GLaMoR-DataPipeline/data/ont_modules/University47_www_Department22_University47_edu.owl,13,12,25
/media/nvme7n1/lniederberger/models/GLaMoR/GLaMoR-DataPipeline/data/ont_modules/University47_www_Department2_University47_edu.owl,13,12,25
/media/nvme7n1/lniederberger/models/GLaMoR/GLaMoR-DataPipeline/data/ont_modules/University47_www_Department3_University47_edu.owl,13,12,25
/media/nvme7n1/lniederberger/models/GLaMoR/GLaMoR-DataPipeline/data/ont_modules/University47_www_Department4_University47_edu.owl,13,12,25
/media/nvme7n1/lniederberger/models/GLaMoR/GLaMoR-DataPipeline/data/ont_modules/University47_www_Department5_University47_edu.owl,13,12,25
/media/nvme7n1/lniederberger/models/GLaMoR/GLaMoR-DataPipeline/data/ont_modules/University47_www_Department6_University47_edu.owl,13,12,25
/media/nvme7n1/lniederberger/models/GLaMoR/GLaMoR-DataPipeline/data/ont_modules/University47_www_Department7_University47_edu.owl,13,12,25
/media/nvme7n1/lniederberger/models/GLaMoR/GLaMoR-DataPipeline/data/ont_modules/University47_www_Department8_University47_edu.owl,13,12,25
/media/nvme7n1/lniederberger/models/GLaMoR/GLaMoR-DataPipeline/data/ont_modules/University47_www_Department9_University47_edu.owl,13,12,25
/media/nvme7n1/lniederberger/models/GLaMoR/GLaMoR-DataPipeline/data/ont_modules/University48_www_Department0_University48_edu.owl,13,12,25
/media/nvme7n1/lniederberger/models/GLaMoR/GLaMoR-DataPipeline/data/ont_modules/University48_www_Department10_University48_edu.owl,13,12,25
/media/nvme7n1/lniederberger/models/GLaMoR/GLaMoR-DataPipeline/data/ont_modules/University48_www_Department11_University48_edu.owl,13,12,25
/media/nvme7n1/lniederberger/models/GLaMoR/GLaMoR-DataPipeline/data/ont_modules/University48_www_Department12_University48_edu.owl,13,12,25
/media/nvme7n1/lniederberger/models/GLaMoR/GLaMoR-DataPipeline/data/ont_modules/University48_www_Department13_University48_edu.owl,13,12,25
/media/nvme7n1/lniederberger/models/GLaMoR/GLaMoR-DataPipeline/data/ont_modules/University48_www_Department14_University48_edu.owl,13,12,25
/media/nvme7n1/lniederberger/models/GLaMoR/GLaMoR-DataPipeline/data/ont_modules/University48_www_Department15_University48_edu.owl,13,12,25
/media/nvme7n1/lniederberger/models/GLaMoR/GLaMoR-DataPipeline/data/ont_modules/University48_www_Department16_University48_edu.owl,13,12,25
/media/nvme7n1/lniederberger/models/GLaMoR/GLaMoR-DataPipeline/data/ont_modules/University48_www_Department17_University48_edu.owl,13,12,25
/media/nvme7n1/lniederberger/models/GLaMoR/GLaMoR-DataPipeline/data/ont_modules/University48_www_Department18_University48_edu.owl,13,12,25
/media/nvme7n1/lniederberger/models/GLaMoR/GLaMoR-DataPipeline/data/ont_modules/University48_www_Department19_University48_edu.owl,13,12,25
/media/nvme7n1/lniederberger/models/GLaMoR/GLaMoR-DataPipeline/data/ont_modules/University48_www_Department1_University48_edu.owl,13,12,25
/media/nvme7n1/lniederberger/models/GLaMoR/GLaMoR-DataPipeline/data/ont_modules/University48_www_Department20_University48_edu.owl,13,12,25
/media/nvme7n1/lniederberger/models/GLaMoR/GLaMoR-DataPipeline/data/ont_modules/University48_www_Department2_University48_edu.owl,13,12,25
/media/nvme7n1/lniederberger/models/GLaMoR/GLaMoR-DataPipeline/data/ont_modules/University48_www_Department3_University48_edu.owl,13,12,25
/media/nvme7n1/lniederberger/models/GLaMoR/GLaMoR-DataPipeline/data/ont_modules/University48_www_Department4_University48_edu.owl,13,12,25
/media/nvme7n1/lniederberger/models/GLaMoR/GLaMoR-DataPipeline/data/ont_modules/University48_www_Department5_University48_edu.owl,13,12,25
/media/nvme7n1/lniederberger/models/GLaMoR/GLaMoR-DataPipeline/data/ont_modules/University48_www_Department6_University48_edu.owl,13,12,25
/media/nvme7n1/lniederberger/models/GLaMoR/GLaMoR-DataPipeline/data/ont_modules/University48_www_Department7_University48_edu.owl,13,12,25
/media/nvme7n1/lniederberger/models/GLaMoR/GLaMoR-DataPipeline/data/ont_modules/University48_www_Department8_University48_edu.owl,13,12,25
/media/nvme7n1/lniederberger/models/GLaMoR/GLaMoR-DataPipeline/data/ont_modules/University48_www_Department9_University48_edu.owl,13,12,25
/media/nvme7n1/lniederberger/models/GLaMoR/GLaMoR-DataPipeline/data/ont_modules/University49_www_Department0_University49_edu.owl,13,12,25
/media/nvme7n1/lniederberger/models/GLaMoR/GLaMoR-DataPipeline/data/ont_modules/University49_www_Department10_University49_edu.owl,13,12,25
/media/nvme7n1/lniederberger/models/GLaMoR/GLaMoR-DataPipeline/data/ont_modules/University49_www_Department11_University49_edu.owl,13,12,25
/media/nvme7n1/lniederberger/models/GLaMoR/GLaMoR-DataPipeline/data/ont_modules/University49_www_Department12_University49_edu.owl,13,12,25
/media/nvme7n1/lniederberger/models/GLaMoR/GLaMoR-DataPipeline/data/ont_modules/University49_www_Department13_University49_edu.owl,13,12,25
/media/nvme7n1/lniederberger/models/GLaMoR/GLaMoR-DataPipeline/data/ont_modules/University49_www_Department14_University49_edu.owl,13,12,25
/media/nvme7n1/lniederberger/models/GLaMoR/GLaMoR-DataPipeline/data/ont_modules/University49_www_Department1_University49_edu.owl,13,12,25
/media/nvme7n1/lniederberger/models/GLaMoR/GLaMoR-DataPipeline/data/ont_modules/University49_www_Department2_University49_edu.owl,13,12,25
/media/nvme7n1/lniederberger/models/GLaMoR/GLaMoR-DataPipeline/data/ont_modules/University49_www_Department3_University49_edu.owl,13,12,25
/media/nvme7n1/lniederberger/models/GLaMoR/GLaMoR-DataPipeline/data/ont_modules/University49_www_Department4_University49_edu.owl,13,12,25
/media/nvme7n1/lniederberger/models/GLaMoR/GLaMoR-DataPipeline/data/ont_modules/University49_www_Department5_University49_edu.owl,13,12,25
/media/nvme7n1/lniederberger/models/GLaMoR/GLaMoR-DataPipeline/data/ont_modules/University49_www_Department6_University49_edu.owl,13,12,25
/media/nvme7n1/lniederberger/models/GLaMoR/GLaMoR-DataPipeline/data/ont_modules/University49_www_Department7_University49_edu.owl,13,12,25
/media/nvme7n1/lniederberger/models/GLaMoR/GLaMoR-DataPipeline/data/ont_modules/University49_www_Department8_University49_edu.owl,13,12,25
/media/nvme7n1/lniederberger/models/GLaMoR/GLaMoR-DataPipeline/data/ont_modules/University49_www_Department9_University49_edu.owl,13,12,25
/media/nvme7n1/lniederberger/models/GLaMoR/GLaMoR-DataPipeline/data/ont_modules/University4_www_Department0_University4_edu.owl,13,12,25
/media/nvme7n1/lniederberger/models/GLaMoR/GLaMoR-DataPipeline/data/ont_modules/University4_www_Department10_University4_edu.owl,13,12,25
/media/nvme7n1/lniederberger/models/GLaMoR/GLaMoR-DataPipeline/data/ont_modules/University4_www_Department11_University4_edu.owl,13,12,25
/media/nvme7n1/lniederberger/models/GLaMoR/GLaMoR-DataPipeline/data/ont_modules/University4_www_Department12_University4_edu.owl,13,12,25
/media/nvme7n1/lniederberger/models/GLaMoR/GLaMoR-DataPipeline/data/ont_modules/University4_www_Department13_University4_edu.owl,13,12,25
/media/nvme7n1/lniederberger/models/GLaMoR/GLaMoR-DataPipeline/data/ont_modules/University4_www_Department14_University4_edu.owl,13,12,25
/media/nvme7n1/lniederberger/models/GLaMoR/GLaMoR-DataPipeline/data/ont_modules/University4_www_Department15_University4_edu.owl,13,12,25
/media/nvme7n1/lniederberger/models/GLaMoR/GLaMoR-DataPipeline/data/ont_modules/University4_www_Department16_University4_edu.owl,13,12,25
/media/nvme7n1/lniederberger/models/GLaMoR/GLaMoR-DataPipeline/data/ont_modules/University4_www_Department17_University4_edu.owl,13,12,25
/media/nvme7n1/lniederberger/models/GLaMoR/GLaMoR-DataPipeline/data/ont_modules/University4_www_Department18_University4_edu.owl,13,12,25
/media/nvme7n1/lniederberger/models/GLaMoR/GLaMoR-DataPipeline/data/ont_modules/University4_www_Department19_University4_edu.owl,13,12,25
/media/nvme7n1/lniederberger/models/GLaMoR/GLaMoR-DataPipeline/data/ont_modules/University4_www_Department1_University4_edu.owl,13,12,25
/media/nvme7n1/lniederberger/models/GLaMoR/GLaMoR-DataPipeline/data/ont_modules/University4_www_Department20_University4_edu.owl,13,12,25
/media/nvme7n1/lniederberger/models/GLaMoR/GLaMoR-DataPipeline/data/ont_modules/University4_www_Department21_University4_edu.owl,13,12,25
/media/nvme7n1/lniederberger/models/GLaMoR/GLaMoR-DataPipeline/data/ont_modules/University4_www_Department2_University4_edu.owl,13,12,25
/media/nvme7n1/lniederberger/models/GLaMoR/GLaMoR-DataPipeline/data/ont_modules/University4_www_Department3_University4_edu.owl,13,12,25
/media/nvme7n1/lniederberger/models/GLaMoR/GLaMoR-DataPipeline/data/ont_modules/University4_www_Department4_University4_edu.owl,13,12,25
/media/nvme7n1/lniederberger/models/GLaMoR/GLaMoR-DataPipeline/data/ont_modules/University4_www_Department5_University4_edu.owl,13,12,25
/media/nvme7n1/lniederberger/models/GLaMoR/GLaMoR-DataPipeline/data/ont_modules/University4_www_Department6_University4_edu.owl,13,12,25
/media/nvme7n1/lniederberger/models/GLaMoR/GLaMoR-DataPipeline/data/ont_modules/University4_www_Department7_University4_edu.owl,13,12,25
/media/nvme7n1/lniederberger/models/GLaMoR/GLaMoR-DataPipeline/data/ont_modules/University4_www_Department8_University4_edu.owl,13,12,25
/media/nvme7n1/lniederberger/models/GLaMoR/GLaMoR-DataPipeline/data/ont_modules/University4_www_Department9_University4_edu.owl,13,12,25
/media/nvme7n1/lniederberger/models/GLaMoR/GLaMoR-DataPipeline/data/ont_modules/University50_www_Department0_University50_edu.owl,13,12,25
/media/nvme7n1/lniederberger/models/GLaMoR/GLaMoR-DataPipeline/data/ont_modules/University50_www_Department10_University50_edu.owl,13,12,25
/media/nvme7n1/lniederberger/models/GLaMoR/GLaMoR-DataPipeline/data/ont_modules/University50_www_Department11_University50_edu.owl,13,12,25
/media/nvme7n1/lniederberger/models/GLaMoR/GLaMoR-DataPipeline/data/ont_modules/University50_www_Department12_University50_edu.owl,13,12,25
/media/nvme7n1/lniederberger/models/GLaMoR/GLaMoR-DataPipeline/data/ont_modules/University50_www_Department13_University50_edu.owl,13,12,25
/media/nvme7n1/lniederberger/models/GLaMoR/GLaMoR-DataPipeline/data/ont_modules/University50_www_Department14_University50_edu.owl,13,12,25
/media/nvme7n1/lniederberger/models/GLaMoR/GLaMoR-DataPipeline/data/ont_modules/University50_www_Department15_University50_edu.owl,13,12,25
/media/nvme7n1/lniederberger/models/GLaMoR/GLaMoR-DataPipeline/data/ont_modules/University50_www_Department16_University50_edu.owl,13,12,25
/media/nvme7n1/lniederberger/models/GLaMoR/GLaMoR-DataPipeline/data/ont_modules/University50_www_Department17_University50_edu.owl,13,12,25
/media/nvme7n1/lniederberger/models/GLaMoR/GLaMoR-DataPipeline/data/ont_modules/University50_www_Department18_University50_edu.owl,13,12,25
/media/nvme7n1/lniederberger/models/GLaMoR/GLaMoR-DataPipeline/data/ont_modules/University50_www_Department19_University50_edu.owl,13,12,25
/media/nvme7n1/lniederberger/models/GLaMoR/GLaMoR-DataPipeline/data/ont_modules/University50_www_Department1_University50_edu.owl,13,12,25
/media/nvme7n1/lniederberger/models/GLaMoR/GLaMoR-DataPipeline/data/ont_modules/University50_www_Department20_University50_edu.owl,13,12,25
/media/nvme7n1/lniederberger/models/GLaMoR/GLaMoR-DataPipeline/data/ont_modules/University50_www_Department21_University50_edu.owl,13,12,25
/media/nvme7n1/lniederberger/models/GLaMoR/GLaMoR-DataPipeline/data/ont_modules/University50_www_Department22_University50_edu.owl,13,12,25
/media/nvme7n1/lniederberger/models/GLaMoR/GLaMoR-DataPipeline/data/ont_modules/University50_www_Department2_University50_edu.owl,13,12,25
/media/nvme7n1/lniederberger/models/GLaMoR/GLaMoR-DataPipeline/data/ont_modules/University50_www_Department3_University50_edu.owl,13,12,25
/media/nvme7n1/lniederberger/models/GLaMoR/GLaMoR-DataPipeline/data/ont_modules/University50_www_Department4_University50_edu.owl,13,12,25
/media/nvme7n1/lniederberger/models/GLaMoR/GLaMoR-DataPipeline/data/ont_modules/University50_www_Department5_University50_edu.owl,13,12,25
/media/nvme7n1/lniederberger/models/GLaMoR/GLaMoR-DataPipeline/data/ont_modules/University50_www_Department6_University50_edu.owl,13,12,25
/media/nvme7n1/lniederberger/models/GLaMoR/GLaMoR-DataPipeline/data/ont_modules/University50_www_Department7_University50_edu.owl,13,12,25
/media/nvme7n1/lniederberger/models/GLaMoR/GLaMoR-DataPipeline/data/ont_modules/University50_www_Department8_University50_edu.owl,13,12,25
/media/nvme7n1/lniederberger/models/GLaMoR/GLaMoR-DataPipeline/data/ont_modules/University50_www_Department9_University50_edu.owl,13,12,25
/media/nvme7n1/lniederberger/models/GLaMoR/GLaMoR-DataPipeline/data/ont_modules/University51_www_Department0_University51_edu.owl,13,12,25
/media/nvme7n1/lniederberger/models/GLaMoR/GLaMoR-DataPipeline/data/ont_modules/University51_www_Department10_University51_edu.owl,13,12,25
/media/nvme7n1/lniederberger/models/GLaMoR/GLaMoR-DataPipeline/data/ont_modules/University51_www_Department11_University51_edu.owl,13,12,25
/media/nvme7n1/lniederberger/models/GLaMoR/GLaMoR-DataPipeline/data/ont_modules/University51_www_Department12_University51_edu.owl,13,12,25
/media/nvme7n1/lniederberger/models/GLaMoR/GLaMoR-DataPipeline/data/ont_modules/University51_www_Department13_University51_edu.owl,13,12,25
/media/nvme7n1/lniederberger/models/GLaMoR/GLaMoR-DataPipeline/data/ont_modules/University51_www_Department14_University51_edu.owl,13,12,25
/media/nvme7n1/lniederberger/models/GLaMoR/GLaMoR-DataPipeline/data/ont_modules/University51_www_Department15_University51_edu.owl,13,12,25
/media/nvme7n1/lniederberger/models/GLaMoR/GLaMoR-DataPipeline/data/ont_modules/University51_www_Department16_University51_edu.owl,13,12,25
/media/nvme7n1/lniederberger/models/GLaMoR/GLaMoR-DataPipeline/data/ont_modules/University51_www_Department1_University51_edu.owl,13,12,25
/media/nvme7n1/lniederberger/models/GLaMoR/GLaMoR-DataPipeline/data/ont_modules/University51_www_Department2_University51_edu.owl,13,12,25
/media/nvme7n1/lniederberger/models/GLaMoR/GLaMoR-DataPipeline/data/ont_modules/University51_www_Department3_University51_edu.owl,13,12,25
/media/nvme7n1/lniederberger/models/GLaMoR/GLaMoR-DataPipeline/data/ont_modules/University51_www_Department4_University51_edu.owl,13,12,25
/media/nvme7n1/lniederberger/models/GLaMoR/GLaMoR-DataPipeline/data/ont_modules/University51_www_Department5_University51_edu.owl,13,12,25
/media/nvme7n1/lniederberger/models/GLaMoR/GLaMoR-DataPipeline/data/ont_modules/University51_www_Department6_University51_edu.owl,13,12,25
/media/nvme7n1/lniederberger/models/GLaMoR/GLaMoR-DataPipeline/data/ont_modules/University51_www_Department7_University51_edu.owl,13,12,25
/media/nvme7n1/lniederberger/models/GLaMoR/GLaMoR-DataPipeline/data/ont_modules/University51_www_Department8_University51_edu.owl,13,12,25
/media/nvme7n1/lniederberger/models/GLaMoR/GLaMoR-DataPipeline/data/ont_modules/University51_www_Department9_University51_edu.owl,13,12,25
/media/nvme7n1/lniederberger/models/GLaMoR/GLaMoR-DataPipeline/data/ont_modules/University52_www_Department0_University52_edu.owl,13,12,25
/media/nvme7n1/lniederberger/models/GLaMoR/GLaMoR-DataPipeline/data/ont_modules/University52_www_Department10_University52_edu.owl,13,12,25
/media/nvme7n1/lniederberger/models/GLaMoR/GLaMoR-DataPipeline/data/ont_modules/University52_www_Department11_University52_edu.owl,13,12,25
/media/nvme7n1/lniederberger/models/GLaMoR/GLaMoR-DataPipeline/data/ont_modules/University52_www_Department12_University52_edu.owl,13,12,25
/media/nvme7n1/lniederberger/models/GLaMoR/GLaMoR-DataPipeline/data/ont_modules/University52_www_Department13_University52_edu.owl,13,12,25
/media/nvme7n1/lniederberger/models/GLaMoR/GLaMoR-DataPipeline/data/ont_modules/University52_www_Department14_University52_edu.owl,13,12,25
/media/nvme7n1/lniederberger/models/GLaMoR/GLaMoR-DataPipeline/data/ont_modules/University52_www_Department15_University52_edu.owl,13,12,25
/media/nvme7n1/lniederberger/models/GLaMoR/GLaMoR-DataPipeline/data/ont_modules/University52_www_Department16_University52_edu.owl,13,12,25
/media/nvme7n1/lniederberger/models/GLaMoR/GLaMoR-DataPipeline/data/ont_modules/University52_www_Department17_University52_edu.owl,13,12,25
/media/nvme7n1/lniederberger/models/GLaMoR/GLaMoR-DataPipeline/data/ont_modules/University52_www_Department1_University52_edu.owl,13,12,25
/media/nvme7n1/lniederberger/models/GLaMoR/GLaMoR-DataPipeline/data/ont_modules/University52_www_Department2_University52_edu.owl,13,12,25
/media/nvme7n1/lniederberger/models/GLaMoR/GLaMoR-DataPipeline/data/ont_modules/University52_www_Department3_University52_edu.owl,13,12,25
/media/nvme7n1/lniederberger/models/GLaMoR/GLaMoR-DataPipeline/data/ont_modules/University52_www_Department4_University52_edu.owl,13,12,25
/media/nvme7n1/lniederberger/models/GLaMoR/GLaMoR-DataPipeline/data/ont_modules/University52_www_Department5_University52_edu.owl,13,12,25
/media/nvme7n1/lniederberger/models/GLaMoR/GLaMoR-DataPipeline/data/ont_modules/University52_www_Department6_University52_edu.owl,13,12,25
/media/nvme7n1/lniederberger/models/GLaMoR/GLaMoR-DataPipeline/data/ont_modules/University52_www_Department7_University52_edu.owl,13,12,25
/media/nvme7n1/lniederberger/models/GLaMoR/GLaMoR-DataPipeline/data/ont_modules/University52_www_Department8_University52_edu.owl,13,12,25
/media/nvme7n1/lniederberger/models/GLaMoR/GLaMoR-DataPipeline/data/ont_modules/University52_www_Department9_University52_edu.owl,13,12,25
/media/nvme7n1/lniederberger/models/GLaMoR/GLaMoR-DataPipeline/data/ont_modules/University53_www_Department0_University53_edu.owl,13,12,25
/media/nvme7n1/lniederberger/models/GLaMoR/GLaMoR-DataPipeline/data/ont_modules/University53_www_Department10_University53_edu.owl,13,12,25
/media/nvme7n1/lniederberger/models/GLaMoR/GLaMoR-DataPipeline/data/ont_modules/University53_www_Department11_University53_edu.owl,13,12,25
/media/nvme7n1/lniederberger/models/GLaMoR/GLaMoR-DataPipeline/data/ont_modules/University53_www_Department12_University53_edu.owl,13,12,25
/media/nvme7n1/lniederberger/models/GLaMoR/GLaMoR-DataPipeline/data/ont_modules/University53_www_Department13_University53_edu.owl,13,12,25
/media/nvme7n1/lniederberger/models/GLaMoR/GLaMoR-DataPipeline/data/ont_modules/University53_www_Department14_University53_edu.owl,13,12,25
/media/nvme7n1/lniederberger/models/GLaMoR/GLaMoR-DataPipeline/data/ont_modules/University53_www_Department15_University53_edu.owl,13,12,25
/media/nvme7n1/lniederberger/models/GLaMoR/GLaMoR-DataPipeline/data/ont_modules/University53_www_Department16_University53_edu.owl,13,12,25
/media/nvme7n1/lniederberger/models/GLaMoR/GLaMoR-DataPipeline/data/ont_modules/University53_www_Department17_University53_edu.owl,13,12,25
/media/nvme7n1/lniederberger/models/GLaMoR/GLaMoR-DataPipeline/data/ont_modules/University53_www_Department18_University53_edu.owl,13,12,25
/media/nvme7n1/lniederberger/models/GLaMoR/GLaMoR-DataPipeline/data/ont_modules/University53_www_Department19_University53_edu.owl,13,12,25
/media/nvme7n1/lniederberger/models/GLaMoR/GLaMoR-DataPipeline/data/ont_modules/University53_www_Department1_University53_edu.owl,13,12,25
/media/nvme7n1/lniederberger/models/GLaMoR/GLaMoR-DataPipeline/data/ont_modules/University53_www_Department20_University53_edu.owl,13,12,25
/media/nvme7n1/lniederberger/models/GLaMoR/GLaMoR-DataPipeline/data/ont_modules/University53_www_Department21_University53_edu.owl,13,12,25
/media/nvme7n1/lniederberger/models/GLaMoR/GLaMoR-DataPipeline/data/ont_modules/University53_www_Department2_University53_edu.owl,13,12,25
/media/nvme7n1/lniederberger/models/GLaMoR/GLaMoR-DataPipeline/data/ont_modules/University53_www_Department3_University53_edu.owl,13,12,25
/media/nvme7n1/lniederberger/models/GLaMoR/GLaMoR-DataPipeline/data/ont_modules/University53_www_Department4_University53_edu.owl,13,12,25
/media/nvme7n1/lniederberger/models/GLaMoR/GLaMoR-DataPipeline/data/ont_modules/University53_www_Department5_University53_edu.owl,13,12,25
/media/nvme7n1/lniederberger/models/GLaMoR/GLaMoR-DataPipeline/data/ont_modules/University53_www_Department6_University53_edu.owl,13,12,25
/media/nvme7n1/lniederberger/models/GLaMoR/GLaMoR-DataPipeline/data/ont_modules/University53_www_Department7_University53_edu.owl,13,12,25
/media/nvme7n1/lniederberger/models/GLaMoR/GLaMoR-DataPipeline/data/ont_modules/University53_www_Department8_University53_edu.owl,13,12,25
/media/nvme7n1/lniederberger/models/GLaMoR/GLaMoR-DataPipeline/data/ont_modules/University53_www_Department9_University53_edu.owl,13,12,25
/media/nvme7n1/lniederberger/models/GLaMoR/GLaMoR-DataPipeline/data/ont_modules/University54_www_Department0_University54_edu.owl,13,12,25
/media/nvme7n1/lniederberger/models/GLaMoR/GLaMoR-DataPipeline/data/ont_modules/University54_www_Department10_University54_edu.owl,13,12,25
/media/nvme7n1/lniederberger/models/GLaMoR/GLaMoR-DataPipeline/data/ont_modules/University54_www_Department11_University54_edu.owl,13,12,25
/media/nvme7n1/lniederberger/models/GLaMoR/GLaMoR-DataPipeline/data/ont_modules/University54_www_Department12_University54_edu.owl,13,12,25
/media/nvme7n1/lniederberger/models/GLaMoR/GLaMoR-DataPipeline/data/ont_modules/University54_www_Department13_University54_edu.owl,13,12,25
/media/nvme7n1/lniederberger/models/GLaMoR/GLaMoR-DataPipeline/data/ont_modules/University54_www_Department14_University54_edu.owl,13,12,25
/media/nvme7n1/lniederberger/models/GLaMoR/GLaMoR-DataPipeline/data/ont_modules/University54_www_Department15_University54_edu.owl,13,12,25
/media/nvme7n1/lniederberger/models/GLaMoR/GLaMoR-DataPipeline/data/ont_modules/University54_www_Department16_University54_edu.owl,13,12,25
/media/nvme7n1/lniederberger/models/GLaMoR/GLaMoR-DataPipeline/data/ont_modules/University54_www_Department17_University54_edu.owl,13,12,25
/media/nvme7n1/lniederberger/models/GLaMoR/GLaMoR-DataPipeline/data/ont_modules/University54_www_Department18_University54_edu.owl,13,12,25
/media/nvme7n1/lniederberger/models/GLaMoR/GLaMoR-DataPipeline/data/ont_modules/University54_www_Department1_University54_edu.owl,13,12,25
/media/nvme7n1/lniederberger/models/GLaMoR/GLaMoR-DataPipeline/data/ont_modules/University54_www_Department2_University54_edu.owl,13,12,25
/media/nvme7n1/lniederberger/models/GLaMoR/GLaMoR-DataPipeline/data/ont_modules/University54_www_Department3_University54_edu.owl,13,12,25
/media/nvme7n1/lniederberger/models/GLaMoR/GLaMoR-DataPipeline/data/ont_modules/University54_www_Department4_University54_edu.owl,13,12,25
/media/nvme7n1/lniederberger/models/GLaMoR/GLaMoR-DataPipeline/data/ont_modules/University54_www_Department5_University54_edu.owl,13,12,25
/media/nvme7n1/lniederberger/models/GLaMoR/GLaMoR-DataPipeline/data/ont_modules/University54_www_Department6_University54_edu.owl,13,12,25
/media/nvme7n1/lniederberger/models/GLaMoR/GLaMoR-DataPipeline/data/ont_modules/University54_www_Department7_University54_edu.owl,13,12,25
/media/nvme7n1/lniederberger/models/GLaMoR/GLaMoR-DataPipeline/data/ont_modules/University54_www_Department8_University54_edu.owl,13,12,25
/media/nvme7n1/lniederberger/models/GLaMoR/GLaMoR-DataPipeline/data/ont_modules/University54_www_Department9_University54_edu.owl,13,12,25
/media/nvme7n1/lniederberger/models/GLaMoR/GLaMoR-DataPipeline/data/ont_modules/University55_www_Department0_University55_edu.owl,13,12,25
/media/nvme7n1/lniederberger/models/GLaMoR/GLaMoR-DataPipeline/data/ont_modules/University55_www_Department10_University55_edu.owl,13,12,25
/media/nvme7n1/lniederberger/models/GLaMoR/GLaMoR-DataPipeline/data/ont_modules/University55_www_Department11_University55_edu.owl,13,12,25
/media/nvme7n1/lniederberger/models/GLaMoR/GLaMoR-DataPipeline/data/ont_modules/University55_www_Department12_University55_edu.owl,13,12,25
/media/nvme7n1/lniederberger/models/GLaMoR/GLaMoR-DataPipeline/data/ont_modules/University55_www_Department13_University55_edu.owl,13,12,25
/media/nvme7n1/lniederberger/models/GLaMoR/GLaMoR-DataPipeline/data/ont_modules/University55_www_Department14_University55_edu.owl,13,12,25
/media/nvme7n1/lniederberger/models/GLaMoR/GLaMoR-DataPipeline/data/ont_modules/University55_www_Department15_University55_edu.owl,13,12,25
/media/nvme7n1/lniederberger/models/GLaMoR/GLaMoR-DataPipeline/data/ont_modules/University55_www_Department16_University55_edu.owl,13,12,25
/media/nvme7n1/lniederberger/models/GLaMoR/GLaMoR-DataPipeline/data/ont_modules/University55_www_Department17_University55_edu.owl,13,12,25
/media/nvme7n1/lniederberger/models/GLaMoR/GLaMoR-DataPipeline/data/ont_modules/University55_www_Department18_University55_edu.owl,13,12,25
/media/nvme7n1/lniederberger/models/GLaMoR/GLaMoR-DataPipeline/data/ont_modules/University55_www_Department19_University55_edu.owl,13,12,25
/media/nvme7n1/lniederberger/models/GLaMoR/GLaMoR-DataPipeline/data/ont_modules/University55_www_Department1_University55_edu.owl,13,12,25
/media/nvme7n1/lniederberger/models/GLaMoR/GLaMoR-DataPipeline/data/ont_modules/University55_www_Department20_University55_edu.owl,13,12,25
/media/nvme7n1/lniederberger/models/GLaMoR/GLaMoR-DataPipeline/data/ont_modules/University55_www_Department21_University55_edu.owl,13,12,25
/media/nvme7n1/lniederberger/models/GLaMoR/GLaMoR-DataPipeline/data/ont_modules/University55_www_Department22_University55_edu.owl,13,12,25
/media/nvme7n1/lniederberger/models/GLaMoR/GLaMoR-DataPipeline/data/ont_modules/University55_www_Department23_University55_edu.owl,13,12,25
/media/nvme7n1/lniederberger/models/GLaMoR/GLaMoR-DataPipeline/data/ont_modules/University55_www_Department2_University55_edu.owl,13,12,25
/media/nvme7n1/lniederberger/models/GLaMoR/GLaMoR-DataPipeline/data/ont_modules/University55_www_Department3_University55_edu.owl,13,12,25
/media/nvme7n1/lniederberger/models/GLaMoR/GLaMoR-DataPipeline/data/ont_modules/University55_www_Department4_University55_edu.owl,13,12,25
/media/nvme7n1/lniederberger/models/GLaMoR/GLaMoR-DataPipeline/data/ont_modules/University55_www_Department5_University55_edu.owl,13,12,25
/media/nvme7n1/lniederberger/models/GLaMoR/GLaMoR-DataPipeline/data/ont_modules/University55_www_Department6_University55_edu.owl,13,12,25
/media/nvme7n1/lniederberger/models/GLaMoR/GLaMoR-DataPipeline/data/ont_modules/University55_www_Department7_University55_edu.owl,13,12,25
/media/nvme7n1/lniederberger/models/GLaMoR/GLaMoR-DataPipeline/data/ont_modules/University55_www_Department8_University55_edu.owl,13,12,25
/media/nvme7n1/lniederberger/models/GLaMoR/GLaMoR-DataPipeline/data/ont_modules/University55_www_Department9_University55_edu.owl,13,12,25
/media/nvme7n1/lniederberger/models/GLaMoR/GLaMoR-DataPipeline/data/ont_modules/University56_www_Department0_University56_edu.owl,13,12,25
/media/nvme7n1/lniederberger/models/GLaMoR/GLaMoR-DataPipeline/data/ont_modules/University56_www_Department10_University56_edu.owl,13,12,25
/media/nvme7n1/lniederberger/models/GLaMoR/GLaMoR-DataPipeline/data/ont_modules/University56_www_Department11_University56_edu.owl,13,12,25
/media/nvme7n1/lniederberger/models/GLaMoR/GLaMoR-DataPipeline/data/ont_modules/University56_www_Department12_University56_edu.owl,13,12,25
/media/nvme7n1/lniederberger/models/GLaMoR/GLaMoR-DataPipeline/data/ont_modules/University56_www_Department13_University56_edu.owl,13,12,25
/media/nvme7n1/lniederberger/models/GLaMoR/GLaMoR-DataPipeline/data/ont_modules/University56_www_Department14_University56_edu.owl,13,12,25
/media/nvme7n1/lniederberger/models/GLaMoR/GLaMoR-DataPipeline/data/ont_modules/University56_www_Department15_University56_edu.owl,13,12,25
/media/nvme7n1/lniederberger/models/GLaMoR/GLaMoR-DataPipeline/data/ont_modules/University56_www_Department16_University56_edu.owl,13,12,25
/media/nvme7n1/lniederberger/models/GLaMoR/GLaMoR-DataPipeline/data/ont_modules/University56_www_Department17_University56_edu.owl,13,12,25
/media/nvme7n1/lniederberger/models/GLaMoR/GLaMoR-DataPipeline/data/ont_modules/University56_www_Department18_University56_edu.owl,13,12,25
/media/nvme7n1/lniederberger/models/GLaMoR/GLaMoR-DataPipeline/data/ont_modules/University56_www_Department19_University56_edu.owl,13,12,25
/media/nvme7n1/lniederberger/models/GLaMoR/GLaMoR-DataPipeline/data/ont_modules/University56_www_Department1_University56_edu.owl,13,12,25
/media/nvme7n1/lniederberger/models/GLaMoR/GLaMoR-DataPipeline/data/ont_modules/University56_www_Department20_University56_edu.owl,13,12,25
/media/nvme7n1/lniederberger/models/GLaMoR/GLaMoR-DataPipeline/data/ont_modules/University56_www_Department21_University56_edu.owl,13,12,25
/media/nvme7n1/lniederberger/models/GLaMoR/GLaMoR-DataPipeline/data/ont_modules/University56_www_Department22_University56_edu.owl,13,12,25
/media/nvme7n1/lniederberger/models/GLaMoR/GLaMoR-DataPipeline/data/ont_modules/University56_www_Department23_University56_edu.owl,13,12,25
/media/nvme7n1/lniederberger/models/GLaMoR/GLaMoR-DataPipeline/data/ont_modules/University56_www_Department24_University56_edu.owl,13,12,25
/media/nvme7n1/lniederberger/models/GLaMoR/GLaMoR-DataPipeline/data/ont_modules/University56_www_Department2_University56_edu.owl,13,12,25
/media/nvme7n1/lniederberger/models/GLaMoR/GLaMoR-DataPipeline/data/ont_modules/University56_www_Department3_University56_edu.owl,13,12,25
/media/nvme7n1/lniederberger/models/GLaMoR/GLaMoR-DataPipeline/data/ont_modules/University56_www_Department4_University56_edu.owl,13,12,25
/media/nvme7n1/lniederberger/models/GLaMoR/GLaMoR-DataPipeline/data/ont_modules/University56_www_Department5_University56_edu.owl,13,12,25
/media/nvme7n1/lniederberger/models/GLaMoR/GLaMoR-DataPipeline/data/ont_modules/University56_www_Department6_University56_edu.owl,13,12,25
/media/nvme7n1/lniederberger/models/GLaMoR/GLaMoR-DataPipeline/data/ont_modules/University56_www_Department7_University56_edu.owl,13,12,25
/media/nvme7n1/lniederberger/models/GLaMoR/GLaMoR-DataPipeline/data/ont_modules/University56_www_Department8_University56_edu.owl,13,12,25
/media/nvme7n1/lniederberger/models/GLaMoR/GLaMoR-DataPipeline/data/ont_modules/University56_www_Department9_University56_edu.owl,13,12,25
/media/nvme7n1/lniederberger/models/GLaMoR/GLaMoR-DataPipeline/data/ont_modules/University57_www_Department0_University57_edu.owl,13,12,25
/media/nvme7n1/lniederberger/models/GLaMoR/GLaMoR-DataPipeline/data/ont_modules/University57_www_Department10_University57_edu.owl,13,12,25
/media/nvme7n1/lniederberger/models/GLaMoR/GLaMoR-DataPipeline/data/ont_modules/University57_www_Department11_University57_edu.owl,13,12,25
/media/nvme7n1/lniederberger/models/GLaMoR/GLaMoR-DataPipeline/data/ont_modules/University57_www_Department12_University57_edu.owl,13,12,25
/media/nvme7n1/lniederberger/models/GLaMoR/GLaMoR-DataPipeline/data/ont_modules/University57_www_Department13_University57_edu.owl,13,12,25
/media/nvme7n1/lniederberger/models/GLaMoR/GLaMoR-DataPipeline/data/ont_modules/University57_www_Department14_University57_edu.owl,13,12,25
/media/nvme7n1/lniederberger/models/GLaMoR/GLaMoR-DataPipeline/data/ont_modules/University57_www_Department15_University57_edu.owl,13,12,25
/media/nvme7n1/lniederberger/models/GLaMoR/GLaMoR-DataPipeline/data/ont_modules/University57_www_Department16_University57_edu.owl,13,12,25
/media/nvme7n1/lniederberger/models/GLaMoR/GLaMoR-DataPipeline/data/ont_modules/University57_www_Department17_University57_edu.owl,13,12,25
/media/nvme7n1/lniederberger/models/GLaMoR/GLaMoR-DataPipeline/data/ont_modules/University57_www_Department1_University57_edu.owl,13,12,25
/media/nvme7n1/lniederberger/models/GLaMoR/GLaMoR-DataPipeline/data/ont_modules/University57_www_Department2_University57_edu.owl,13,12,25
/media/nvme7n1/lniederberger/models/GLaMoR/GLaMoR-DataPipeline/data/ont_modules/University57_www_Department3_University57_edu.owl,13,12,25
/media/nvme7n1/lniederberger/models/GLaMoR/GLaMoR-DataPipeline/data/ont_modules/University57_www_Department4_University57_edu.owl,13,12,25
/media/nvme7n1/lniederberger/models/GLaMoR/GLaMoR-DataPipeline/data/ont_modules/University57_www_Department5_University57_edu.owl,13,12,25
/media/nvme7n1/lniederberger/models/GLaMoR/GLaMoR-DataPipeline/data/ont_modules/University57_www_Department6_University57_edu.owl,13,12,25
/media/nvme7n1/lniederberger/models/GLaMoR/GLaMoR-DataPipeline/data/ont_modules/University57_www_Department7_University57_edu.owl,13,12,25
/media/nvme7n1/lniederberger/models/GLaMoR/GLaMoR-DataPipeline/data/ont_modules/University57_www_Department8_University57_edu.owl,13,12,25
/media/nvme7n1/lniederberger/models/GLaMoR/GLaMoR-DataPipeline/data/ont_modules/University57_www_Department9_University57_edu.owl,13,12,25
/media/nvme7n1/lniederberger/models/GLaMoR/GLaMoR-DataPipeline/data/ont_modules/University58_www_Department0_University58_edu.owl,13,12,25
/media/nvme7n1/lniederberger/models/GLaMoR/GLaMoR-DataPipeline/data/ont_modules/University58_www_Department10_University58_edu.owl,13,12,25
/media/nvme7n1/lniederberger/models/GLaMoR/GLaMoR-DataPipeline/data/ont_modules/University58_www_Department11_University58_edu.owl,13,12,25
/media/nvme7n1/lniederberger/models/GLaMoR/GLaMoR-DataPipeline/data/ont_modules/University58_www_Department12_University58_edu.owl,13,12,25
/media/nvme7n1/lniederberger/models/GLaMoR/GLaMoR-DataPipeline/data/ont_modules/University58_www_Department13_University58_edu.owl,13,12,25
/media/nvme7n1/lniederberger/models/GLaMoR/GLaMoR-DataPipeline/data/ont_modules/University58_www_Department14_University58_edu.owl,13,12,25
/media/nvme7n1/lniederberger/models/GLaMoR/GLaMoR-DataPipeline/data/ont_modules/University58_www_Department15_University58_edu.owl,13,12,25
/media/nvme7n1/lniederberger/models/GLaMoR/GLaMoR-DataPipeline/data/ont_modules/University58_www_Department1_University58_edu.owl,13,12,25
/media/nvme7n1/lniederberger/models/GLaMoR/GLaMoR-DataPipeline/data/ont_modules/University58_www_Department2_University58_edu.owl,13,12,25
/media/nvme7n1/lniederberger/models/GLaMoR/GLaMoR-DataPipeline/data/ont_modules/University58_www_Department3_University58_edu.owl,13,12,25
/media/nvme7n1/lniederberger/models/GLaMoR/GLaMoR-DataPipeline/data/ont_modules/University58_www_Department4_University58_edu.owl,13,12,25
/media/nvme7n1/lniederberger/models/GLaMoR/GLaMoR-DataPipeline/data/ont_modules/University58_www_Department5_University58_edu.owl,13,12,25
/media/nvme7n1/lniederberger/models/GLaMoR/GLaMoR-DataPipeline/data/ont_modules/University58_www_Department6_University58_edu.owl,13,12,25
/media/nvme7n1/lniederberger/models/GLaMoR/GLaMoR-DataPipeline/data/ont_modules/University58_www_Department7_University58_edu.owl,13,12,25
/media/nvme7n1/lniederberger/models/GLaMoR/GLaMoR-DataPipeline/data/ont_modules/University58_www_Department8_University58_edu.owl,13,12,25
/media/nvme7n1/lniederberger/models/GLaMoR/GLaMoR-DataPipeline/data/ont_modules/University58_www_Department9_University58_edu.owl,13,12,25
/media/nvme7n1/lniederberger/models/GLaMoR/GLaMoR-DataPipeline/data/ont_modules/University59_www_Department0_University59_edu.owl,13,12,25
/media/nvme7n1/lniederberger/models/GLaMoR/GLaMoR-DataPipeline/data/ont_modules/University59_www_Department10_University59_edu.owl,13,12,25
/media/nvme7n1/lniederberger/models/GLaMoR/GLaMoR-DataPipeline/data/ont_modules/University59_www_Department11_University59_edu.owl,13,12,25
/media/nvme7n1/lniederberger/models/GLaMoR/GLaMoR-DataPipeline/data/ont_modules/University59_www_Department12_University59_edu.owl,13,12,25
/media/nvme7n1/lniederberger/models/GLaMoR/GLaMoR-DataPipeline/data/ont_modules/University59_www_Department13_University59_edu.owl,13,12,25
/media/nvme7n1/lniederberger/models/GLaMoR/GLaMoR-DataPipeline/data/ont_modules/University59_www_Department14_University59_edu.owl,13,12,25
/media/nvme7n1/lniederberger/models/GLaMoR/GLaMoR-DataPipeline/data/ont_modules/University59_www_Department15_University59_edu.owl,13,12,25
/media/nvme7n1/lniederberger/models/GLaMoR/GLaMoR-DataPipeline/data/ont_modules/University59_www_Department16_University59_edu.owl,13,12,25
/media/nvme7n1/lniederberger/models/GLaMoR/GLaMoR-DataPipeline/data/ont_modules/University59_www_Department17_University59_edu.owl,13,12,25
/media/nvme7n1/lniederberger/models/GLaMoR/GLaMoR-DataPipeline/data/ont_modules/University59_www_Department18_University59_edu.owl,13,12,25
/media/nvme7n1/lniederberger/models/GLaMoR/GLaMoR-DataPipeline/data/ont_modules/University59_www_Department19_University59_edu.owl,13,12,25
/media/nvme7n1/lniederberger/models/GLaMoR/GLaMoR-DataPipeline/data/ont_modules/University59_www_Department1_University59_edu.owl,13,12,25
/media/nvme7n1/lniederberger/models/GLaMoR/GLaMoR-DataPipeline/data/ont_modules/University59_www_Department2_University59_edu.owl,13,12,25
/media/nvme7n1/lniederberger/models/GLaMoR/GLaMoR-DataPipeline/data/ont_modules/University59_www_Department3_University59_edu.owl,13,12,25
/media/nvme7n1/lniederberger/models/GLaMoR/GLaMoR-DataPipeline/data/ont_modules/University59_www_Department4_University59_edu.owl,13,12,25
/media/nvme7n1/lniederberger/models/GLaMoR/GLaMoR-DataPipeline/data/ont_modules/University59_www_Department5_University59_edu.owl,13,12,25
/media/nvme7n1/lniederberger/models/GLaMoR/GLaMoR-DataPipeline/data/ont_modules/University59_www_Department6_University59_edu.owl,13,12,25
/media/nvme7n1/lniederberger/models/GLaMoR/GLaMoR-DataPipeline/data/ont_modules/University59_www_Department7_University59_edu.owl,13,12,25
/media/nvme7n1/lniederberger/models/GLaMoR/GLaMoR-DataPipeline/data/ont_modules/University59_www_Department8_University59_edu.owl,13,12,25
/media/nvme7n1/lniederberger/models/GLaMoR/GLaMoR-DataPipeline/data/ont_modules/University59_www_Department9_University59_edu.owl,13,12,25
/media/nvme7n1/lniederberger/models/GLaMoR/GLaMoR-DataPipeline/data/ont_modules/University5_www_Department0_University5_edu.owl,13,12,25
/media/nvme7n1/lniederberger/models/GLaMoR/GLaMoR-DataPipeline/data/ont_modules/University5_www_Department10_University5_edu.owl,13,12,25
/media/nvme7n1/lniederberger/models/GLaMoR/GLaMoR-DataPipeline/data/ont_modules/University5_www_Department11_University5_edu.owl,13,12,25
/media/nvme7n1/lniederberger/models/GLaMoR/GLaMoR-DataPipeline/data/ont_modules/University5_www_Department12_University5_edu.owl,13,12,25
/media/nvme7n1/lniederberger/models/GLaMoR/GLaMoR-DataPipeline/data/ont_modules/University5_www_Department13_University5_edu.owl,13,12,25
/media/nvme7n1/lniederberger/models/GLaMoR/GLaMoR-DataPipeline/data/ont_modules/University5_www_Department14_University5_edu.owl,13,12,25
/media/nvme7n1/lniederberger/models/GLaMoR/GLaMoR-DataPipeline/data/ont_modules/University5_www_Department1_University5_edu.owl,13,12,25
/media/nvme7n1/lniederberger/models/GLaMoR/GLaMoR-DataPipeline/data/ont_modules/University5_www_Department2_University5_edu.owl,13,12,25
/media/nvme7n1/lniederberger/models/GLaMoR/GLaMoR-DataPipeline/data/ont_modules/University5_www_Department3_University5_edu.owl,13,12,25
/media/nvme7n1/lniederberger/models/GLaMoR/GLaMoR-DataPipeline/data/ont_modules/University5_www_Department4_University5_edu.owl,13,12,25
/media/nvme7n1/lniederberger/models/GLaMoR/GLaMoR-DataPipeline/data/ont_modules/University5_www_Department5_University5_edu.owl,13,12,25
/media/nvme7n1/lniederberger/models/GLaMoR/GLaMoR-DataPipeline/data/ont_modules/University5_www_Department6_University5_edu.owl,13,12,25
/media/nvme7n1/lniederberger/models/GLaMoR/GLaMoR-DataPipeline/data/ont_modules/University5_www_Department7_University5_edu.owl,13,12,25
/media/nvme7n1/lniederberger/models/GLaMoR/GLaMoR-DataPipeline/data/ont_modules/University5_www_Department8_University5_edu.owl,13,12,25
/media/nvme7n1/lniederberger/models/GLaMoR/GLaMoR-DataPipeline/data/ont_modules/University5_www_Department9_University5_edu.owl,13,12,25
/media/nvme7n1/lniederberger/models/GLaMoR/GLaMoR-DataPipeline/data/ont_modules/University60_www_Department0_University60_edu.owl,13,12,25
/media/nvme7n1/lniederberger/models/GLaMoR/GLaMoR-DataPipeline/data/ont_modules/University60_www_Department10_University60_edu.owl,13,12,25
/media/nvme7n1/lniederberger/models/GLaMoR/GLaMoR-DataPipeline/data/ont_modules/University60_www_Department11_University60_edu.owl,13,12,25
/media/nvme7n1/lniederberger/models/GLaMoR/GLaMoR-DataPipeline/data/ont_modules/University60_www_Department12_University60_edu.owl,13,12,25
/media/nvme7n1/lniederberger/models/GLaMoR/GLaMoR-DataPipeline/data/ont_modules/University60_www_Department13_University60_edu.owl,13,12,25
/media/nvme7n1/lniederberger/models/GLaMoR/GLaMoR-DataPipeline/data/ont_modules/University60_www_Department14_University60_edu.owl,13,12,25
/media/nvme7n1/lniederberger/models/GLaMoR/GLaMoR-DataPipeline/data/ont_modules/University60_www_Department15_University60_edu.owl,13,12,25
/media/nvme7n1/lniederberger/models/GLaMoR/GLaMoR-DataPipeline/data/ont_modules/University60_www_Department16_University60_edu.owl,13,12,25
/media/nvme7n1/lniederberger/models/GLaMoR/GLaMoR-DataPipeline/data/ont_modules/University60_www_Department17_University60_edu.owl,13,12,25
/media/nvme7n1/lniederberger/models/GLaMoR/GLaMoR-DataPipeline/data/ont_modules/University60_www_Department18_University60_edu.owl,13,12,25
/media/nvme7n1/lniederberger/models/GLaMoR/GLaMoR-DataPipeline/data/ont_modules/University60_www_Department19_University60_edu.owl,13,12,25
/media/nvme7n1/lniederberger/models/GLaMoR/GLaMoR-DataPipeline/data/ont_modules/University60_www_Department1_University60_edu.owl,13,12,25
/media/nvme7n1/lniederberger/models/GLaMoR/GLaMoR-DataPipeline/data/ont_modules/University60_www_Department20_University60_edu.owl,13,12,25
/media/nvme7n1/lniederberger/models/GLaMoR/GLaMoR-DataPipeline/data/ont_modules/University60_www_Department2_University60_edu.owl,13,12,25
/media/nvme7n1/lniederberger/models/GLaMoR/GLaMoR-DataPipeline/data/ont_modules/University60_www_Department3_University60_edu.owl,13,12,25
/media/nvme7n1/lniederberger/models/GLaMoR/GLaMoR-DataPipeline/data/ont_modules/University60_www_Department4_University60_edu.owl,13,12,25
/media/nvme7n1/lniederberger/models/GLaMoR/GLaMoR-DataPipeline/data/ont_modules/University60_www_Department5_University60_edu.owl,13,12,25
/media/nvme7n1/lniederberger/models/GLaMoR/GLaMoR-DataPipeline/data/ont_modules/University60_www_Department6_University60_edu.owl,13,12,25
/media/nvme7n1/lniederberger/models/GLaMoR/GLaMoR-DataPipeline/data/ont_modules/University60_www_Department7_University60_edu.owl,13,12,25
/media/nvme7n1/lniederberger/models/GLaMoR/GLaMoR-DataPipeline/data/ont_modules/University60_www_Department8_University60_edu.owl,13,12,25
/media/nvme7n1/lniederberger/models/GLaMoR/GLaMoR-DataPipeline/data/ont_modules/University60_www_Department9_University60_edu.owl,13,12,25
/media/nvme7n1/lniederberger/models/GLaMoR/GLaMoR-DataPipeline/data/ont_modules/University61_www_Department0_University61_edu.owl,13,12,25
/media/nvme7n1/lniederberger/models/GLaMoR/GLaMoR-DataPipeline/data/ont_modules/University61_www_Department10_University61_edu.owl,13,12,25
/media/nvme7n1/lniederberger/models/GLaMoR/GLaMoR-DataPipeline/data/ont_modules/University61_www_Department11_University61_edu.owl,13,12,25
/media/nvme7n1/lniederberger/models/GLaMoR/GLaMoR-DataPipeline/data/ont_modules/University61_www_Department12_University61_edu.owl,13,12,25
/media/nvme7n1/lniederberger/models/GLaMoR/GLaMoR-DataPipeline/data/ont_modules/University61_www_Department13_University61_edu.owl,13,12,25
/media/nvme7n1/lniederberger/models/GLaMoR/GLaMoR-DataPipeline/data/ont_modules/University61_www_Department14_University61_edu.owl,13,12,25
/media/nvme7n1/lniederberger/models/GLaMoR/GLaMoR-DataPipeline/data/ont_modules/University61_www_Department15_University61_edu.owl,13,12,25
/media/nvme7n1/lniederberger/models/GLaMoR/GLaMoR-DataPipeline/data/ont_modules/University61_www_Department16_University61_edu.owl,13,12,25
/media/nvme7n1/lniederberger/models/GLaMoR/GLaMoR-DataPipeline/data/ont_modules/University61_www_Department17_University61_edu.owl,13,12,25
/media/nvme7n1/lniederberger/models/GLaMoR/GLaMoR-DataPipeline/data/ont_modules/University61_www_Department18_University61_edu.owl,13,12,25
/media/nvme7n1/lniederberger/models/GLaMoR/GLaMoR-DataPipeline/data/ont_modules/University61_www_Department19_University61_edu.owl,13,12,25
/media/nvme7n1/lniederberger/models/GLaMoR/GLaMoR-DataPipeline/data/ont_modules/University61_www_Department1_University61_edu.owl,13,12,25
/media/nvme7n1/lniederberger/models/GLaMoR/GLaMoR-DataPipeline/data/ont_modules/University61_www_Department20_University61_edu.owl,13,12,25
/media/nvme7n1/lniederberger/models/GLaMoR/GLaMoR-DataPipeline/data/ont_modules/University61_www_Department21_University61_edu.owl,13,12,25
/media/nvme7n1/lniederberger/models/GLaMoR/GLaMoR-DataPipeline/data/ont_modules/University61_www_Department22_University61_edu.owl,13,12,25
/media/nvme7n1/lniederberger/models/GLaMoR/GLaMoR-DataPipeline/data/ont_modules/University61_www_Department23_University61_edu.owl,13,12,25
/media/nvme7n1/lniederberger/models/GLaMoR/GLaMoR-DataPipeline/data/ont_modules/University61_www_Department24_University61_edu.owl,13,12,25
/media/nvme7n1/lniederberger/models/GLaMoR/GLaMoR-DataPipeline/data/ont_modules/University61_www_Department2_University61_edu.owl,13,12,25
/media/nvme7n1/lniederberger/models/GLaMoR/GLaMoR-DataPipeline/data/ont_modules/University61_www_Department3_University61_edu.owl,13,12,25
/media/nvme7n1/lniederberger/models/GLaMoR/GLaMoR-DataPipeline/data/ont_modules/University61_www_Department4_University61_edu.owl,13,12,25
/media/nvme7n1/lniederberger/models/GLaMoR/GLaMoR-DataPipeline/data/ont_modules/University61_www_Department5_University61_edu.owl,13,12,25
/media/nvme7n1/lniederberger/models/GLaMoR/GLaMoR-DataPipeline/data/ont_modules/University61_www_Department6_University61_edu.owl,13,12,25
/media/nvme7n1/lniederberger/models/GLaMoR/GLaMoR-DataPipeline/data/ont_modules/University61_www_Department7_University61_edu.owl,13,12,25
/media/nvme7n1/lniederberger/models/GLaMoR/GLaMoR-DataPipeline/data/ont_modules/University61_www_Department8_University61_edu.owl,13,12,25
/media/nvme7n1/lniederberger/models/GLaMoR/GLaMoR-DataPipeline/data/ont_modules/University61_www_Department9_University61_edu.owl,13,12,25
/media/nvme7n1/lniederberger/models/GLaMoR/GLaMoR-DataPipeline/data/ont_modules/University62_www_Department0_University62_edu.owl,13,12,25
/media/nvme7n1/lniederberger/models/GLaMoR/GLaMoR-DataPipeline/data/ont_modules/University62_www_Department10_University62_edu.owl,13,12,25
/media/nvme7n1/lniederberger/models/GLaMoR/GLaMoR-DataPipeline/data/ont_modules/University62_www_Department11_University62_edu.owl,13,12,25
/media/nvme7n1/lniederberger/models/GLaMoR/GLaMoR-DataPipeline/data/ont_modules/University62_www_Department12_University62_edu.owl,13,12,25
/media/nvme7n1/lniederberger/models/GLaMoR/GLaMoR-DataPipeline/data/ont_modules/University62_www_Department13_University62_edu.owl,13,12,25
/media/nvme7n1/lniederberger/models/GLaMoR/GLaMoR-DataPipeline/data/ont_modules/University62_www_Department14_University62_edu.owl,13,12,25
/media/nvme7n1/lniederberger/models/GLaMoR/GLaMoR-DataPipeline/data/ont_modules/University62_www_Department15_University62_edu.owl,13,12,25
/media/nvme7n1/lniederberger/models/GLaMoR/GLaMoR-DataPipeline/data/ont_modules/University62_www_Department16_University62_edu.owl,13,12,25
/media/nvme7n1/lniederberger/models/GLaMoR/GLaMoR-DataPipeline/data/ont_modules/University62_www_Department17_University62_edu.owl,13,12,25
/media/nvme7n1/lniederberger/models/GLaMoR/GLaMoR-DataPipeline/data/ont_modules/University62_www_Department18_University62_edu.owl,13,12,25
/media/nvme7n1/lniederberger/models/GLaMoR/GLaMoR-DataPipeline/data/ont_modules/University62_www_Department19_University62_edu.owl,13,12,25
/media/nvme7n1/lniederberger/models/GLaMoR/GLaMoR-DataPipeline/data/ont_modules/University62_www_Department1_University62_edu.owl,13,12,25
/media/nvme7n1/lniederberger/models/GLaMoR/GLaMoR-DataPipeline/data/ont_modules/University62_www_Department20_University62_edu.owl,13,12,25
/media/nvme7n1/lniederberger/models/GLaMoR/GLaMoR-DataPipeline/data/ont_modules/University62_www_Department21_University62_edu.owl,13,12,25
/media/nvme7n1/lniederberger/models/GLaMoR/GLaMoR-DataPipeline/data/ont_modules/University62_www_Department22_University62_edu.owl,13,12,25
/media/nvme7n1/lniederberger/models/GLaMoR/GLaMoR-DataPipeline/data/ont_modules/University62_www_Department2_University62_edu.owl,13,12,25
/media/nvme7n1/lniederberger/models/GLaMoR/GLaMoR-DataPipeline/data/ont_modules/University62_www_Department3_University62_edu.owl,13,12,25
/media/nvme7n1/lniederberger/models/GLaMoR/GLaMoR-DataPipeline/data/ont_modules/University62_www_Department4_University62_edu.owl,13,12,25
/media/nvme7n1/lniederberger/models/GLaMoR/GLaMoR-DataPipeline/data/ont_modules/University62_www_Department5_University62_edu.owl,13,12,25
/media/nvme7n1/lniederberger/models/GLaMoR/GLaMoR-DataPipeline/data/ont_modules/University62_www_Department6_University62_edu.owl,13,12,25
/media/nvme7n1/lniederberger/models/GLaMoR/GLaMoR-DataPipeline/data/ont_modules/University62_www_Department7_University62_edu.owl,13,12,25
/media/nvme7n1/lniederberger/models/GLaMoR/GLaMoR-DataPipeline/data/ont_modules/University62_www_Department8_University62_edu.owl,13,12,25
/media/nvme7n1/lniederberger/models/GLaMoR/GLaMoR-DataPipeline/data/ont_modules/University62_www_Department9_University62_edu.owl,13,12,25
/media/nvme7n1/lniederberger/models/GLaMoR/GLaMoR-DataPipeline/data/ont_modules/University63_www_Department0_University63_edu.owl,13,12,25
/media/nvme7n1/lniederberger/models/GLaMoR/GLaMoR-DataPipeline/data/ont_modules/University63_www_Department10_University63_edu.owl,13,12,25
/media/nvme7n1/lniederberger/models/GLaMoR/GLaMoR-DataPipeline/data/ont_modules/University63_www_Department11_University63_edu.owl,13,12,25
/media/nvme7n1/lniederberger/models/GLaMoR/GLaMoR-DataPipeline/data/ont_modules/University63_www_Department12_University63_edu.owl,13,12,25
/media/nvme7n1/lniederberger/models/GLaMoR/GLaMoR-DataPipeline/data/ont_modules/University63_www_Department13_University63_edu.owl,13,12,25
/media/nvme7n1/lniederberger/models/GLaMoR/GLaMoR-DataPipeline/data/ont_modules/University63_www_Department14_University63_edu.owl,13,12,25
/media/nvme7n1/lniederberger/models/GLaMoR/GLaMoR-DataPipeline/data/ont_modules/University63_www_Department15_University63_edu.owl,13,12,25
/media/nvme7n1/lniederberger/models/GLaMoR/GLaMoR-DataPipeline/data/ont_modules/University63_www_Department1_University63_edu.owl,13,12,25
/media/nvme7n1/lniederberger/models/GLaMoR/GLaMoR-DataPipeline/data/ont_modules/University63_www_Department2_University63_edu.owl,13,12,25
/media/nvme7n1/lniederberger/models/GLaMoR/GLaMoR-DataPipeline/data/ont_modules/University63_www_Department3_University63_edu.owl,13,12,25
/media/nvme7n1/lniederberger/models/GLaMoR/GLaMoR-DataPipeline/data/ont_modules/University63_www_Department4_University63_edu.owl,13,12,25
/media/nvme7n1/lniederberger/models/GLaMoR/GLaMoR-DataPipeline/data/ont_modules/University63_www_Department5_University63_edu.owl,13,12,25
/media/nvme7n1/lniederberger/models/GLaMoR/GLaMoR-DataPipeline/data/ont_modules/University63_www_Department6_University63_edu.owl,13,12,25
/media/nvme7n1/lniederberger/models/GLaMoR/GLaMoR-DataPipeline/data/ont_modules/University63_www_Department7_University63_edu.owl,13,12,25
/media/nvme7n1/lniederberger/models/GLaMoR/GLaMoR-DataPipeline/data/ont_modules/University63_www_Department8_University63_edu.owl,13,12,25
/media/nvme7n1/lniederberger/models/GLaMoR/GLaMoR-DataPipeline/data/ont_modules/University63_www_Department9_University63_edu.owl,13,12,25
/media/nvme7n1/lniederberger/models/GLaMoR/GLaMoR-DataPipeline/data/ont_modules/University64_www_Department0_University64_edu.owl,13,12,25
/media/nvme7n1/lniederberger/models/GLaMoR/GLaMoR-DataPipeline/data/ont_modules/University64_www_Department10_University64_edu.owl,13,12,25
/media/nvme7n1/lniederberger/models/GLaMoR/GLaMoR-DataPipeline/data/ont_modules/University64_www_Department11_University64_edu.owl,13,12,25
/media/nvme7n1/lniederberger/models/GLaMoR/GLaMoR-DataPipeline/data/ont_modules/University64_www_Department12_University64_edu.owl,13,12,25
/media/nvme7n1/lniederberger/models/GLaMoR/GLaMoR-DataPipeline/data/ont_modules/University64_www_Department13_University64_edu.owl,13,12,25
/media/nvme7n1/lniederberger/models/GLaMoR/GLaMoR-DataPipeline/data/ont_modules/University64_www_Department14_University64_edu.owl,13,12,25
/media/nvme7n1/lniederberger/models/GLaMoR/GLaMoR-DataPipeline/data/ont_modules/University64_www_Department15_University64_edu.owl,13,12,25
/media/nvme7n1/lniederberger/models/GLaMoR/GLaMoR-DataPipeline/data/ont_modules/University64_www_Department16_University64_edu.owl,13,12,25
/media/nvme7n1/lniederberger/models/GLaMoR/GLaMoR-DataPipeline/data/ont_modules/University64_www_Department17_University64_edu.owl,13,12,25
/media/nvme7n1/lniederberger/models/GLaMoR/GLaMoR-DataPipeline/data/ont_modules/University64_www_Department18_University64_edu.owl,13,12,25
/media/nvme7n1/lniederberger/models/GLaMoR/GLaMoR-DataPipeline/data/ont_modules/University64_www_Department19_University64_edu.owl,13,12,25
/media/nvme7n1/lniederberger/models/GLaMoR/GLaMoR-DataPipeline/data/ont_modules/University64_www_Department1_University64_edu.owl,13,12,25
/media/nvme7n1/lniederberger/models/GLaMoR/GLaMoR-DataPipeline/data/ont_modules/University64_www_Department2_University64_edu.owl,13,12,25
/media/nvme7n1/lniederberger/models/GLaMoR/GLaMoR-DataPipeline/data/ont_modules/University64_www_Department3_University64_edu.owl,13,12,25
/media/nvme7n1/lniederberger/models/GLaMoR/GLaMoR-DataPipeline/data/ont_modules/University64_www_Department4_University64_edu.owl,13,12,25
/media/nvme7n1/lniederberger/models/GLaMoR/GLaMoR-DataPipeline/data/ont_modules/University64_www_Department5_University64_edu.owl,13,12,25
/media/nvme7n1/lniederberger/models/GLaMoR/GLaMoR-DataPipeline/data/ont_modules/University64_www_Department6_University64_edu.owl,13,12,25
/media/nvme7n1/lniederberger/models/GLaMoR/GLaMoR-DataPipeline/data/ont_modules/University64_www_Department7_University64_edu.owl,13,12,25
/media/nvme7n1/lniederberger/models/GLaMoR/GLaMoR-DataPipeline/data/ont_modules/University64_www_Department8_University64_edu.owl,13,12,25
/media/nvme7n1/lniederberger/models/GLaMoR/GLaMoR-DataPipeline/data/ont_modules/University64_www_Department9_University64_edu.owl,13,12,25
/media/nvme7n1/lniederberger/models/GLaMoR/GLaMoR-DataPipeline/data/ont_modules/University65_www_Department0_University65_edu.owl,13,12,25
/media/nvme7n1/lniederberger/models/GLaMoR/GLaMoR-DataPipeline/data/ont_modules/University65_www_Department10_University65_edu.owl,13,12,25
/media/nvme7n1/lniederberger/models/GLaMoR/GLaMoR-DataPipeline/data/ont_modules/University65_www_Department11_University65_edu.owl,13,12,25
/media/nvme7n1/lniederberger/models/GLaMoR/GLaMoR-DataPipeline/data/ont_modules/University65_www_Department12_University65_edu.owl,13,12,25
/media/nvme7n1/lniederberger/models/GLaMoR/GLaMoR-DataPipeline/data/ont_modules/University65_www_Department13_University65_edu.owl,13,12,25
/media/nvme7n1/lniederberger/models/GLaMoR/GLaMoR-DataPipeline/data/ont_modules/University65_www_Department14_University65_edu.owl,13,12,25
/media/nvme7n1/lniederberger/models/GLaMoR/GLaMoR-DataPipeline/data/ont_modules/University65_www_Department15_University65_edu.owl,13,12,25
/media/nvme7n1/lniederberger/models/GLaMoR/GLaMoR-DataPipeline/data/ont_modules/University65_www_Department16_University65_edu.owl,13,12,25
/media/nvme7n1/lniederberger/models/GLaMoR/GLaMoR-DataPipeline/data/ont_modules/University65_www_Department17_University65_edu.owl,13,12,25
/media/nvme7n1/lniederberger/models/GLaMoR/GLaMoR-DataPipeline/data/ont_modules/University65_www_Department18_University65_edu.owl,13,12,25
/media/nvme7n1/lniederberger/models/GLaMoR/GLaMoR-DataPipeline/data/ont_modules/University65_www_Department19_University65_edu.owl,13,12,25
/media/nvme7n1/lniederberger/models/GLaMoR/GLaMoR-DataPipeline/data/ont_modules/University65_www_Department1_University65_edu.owl,13,12,25
/media/nvme7n1/lniederberger/models/GLaMoR/GLaMoR-DataPipeline/data/ont_modules/University65_www_Department20_University65_edu.owl,13,12,25
/media/nvme7n1/lniederberger/models/GLaMoR/GLaMoR-DataPipeline/data/ont_modules/University65_www_Department21_University65_edu.owl,13,12,25
/media/nvme7n1/lniederberger/models/GLaMoR/GLaMoR-DataPipeline/data/ont_modules/University65_www_Department22_University65_edu.owl,13,12,25
/media/nvme7n1/lniederberger/models/GLaMoR/GLaMoR-DataPipeline/data/ont_modules/University65_www_Department23_University65_edu.owl,13,12,25
/media/nvme7n1/lniederberger/models/GLaMoR/GLaMoR-DataPipeline/data/ont_modules/University65_www_Department2_University65_edu.owl,13,12,25
/media/nvme7n1/lniederberger/models/GLaMoR/GLaMoR-DataPipeline/data/ont_modules/University65_www_Department3_University65_edu.owl,13,12,25
/media/nvme7n1/lniederberger/models/GLaMoR/GLaMoR-DataPipeline/data/ont_modules/University65_www_Department4_University65_edu.owl,13,12,25
/media/nvme7n1/lniederberger/models/GLaMoR/GLaMoR-DataPipeline/data/ont_modules/University65_www_Department5_University65_edu.owl,13,12,25
/media/nvme7n1/lniederberger/models/GLaMoR/GLaMoR-DataPipeline/data/ont_modules/University65_www_Department6_University65_edu.owl,13,12,25
/media/nvme7n1/lniederberger/models/GLaMoR/GLaMoR-DataPipeline/data/ont_modules/University65_www_Department7_University65_edu.owl,13,12,25
/media/nvme7n1/lniederberger/models/GLaMoR/GLaMoR-DataPipeline/data/ont_modules/University65_www_Department8_University65_edu.owl,13,12,25
/media/nvme7n1/lniederberger/models/GLaMoR/GLaMoR-DataPipeline/data/ont_modules/University65_www_Department9_University65_edu.owl,13,12,25
/media/nvme7n1/lniederberger/models/GLaMoR/GLaMoR-DataPipeline/data/ont_modules/University66_www_Department0_University66_edu.owl,13,12,25
/media/nvme7n1/lniederberger/models/GLaMoR/GLaMoR-DataPipeline/data/ont_modules/University66_www_Department10_University66_edu.owl,13,12,25
/media/nvme7n1/lniederberger/models/GLaMoR/GLaMoR-DataPipeline/data/ont_modules/University66_www_Department11_University66_edu.owl,13,12,25
/media/nvme7n1/lniederberger/models/GLaMoR/GLaMoR-DataPipeline/data/ont_modules/University66_www_Department12_University66_edu.owl,13,12,25
/media/nvme7n1/lniederberger/models/GLaMoR/GLaMoR-DataPipeline/data/ont_modules/University66_www_Department13_University66_edu.owl,13,12,25
/media/nvme7n1/lniederberger/models/GLaMoR/GLaMoR-DataPipeline/data/ont_modules/University66_www_Department14_University66_edu.owl,13,12,25
/media/nvme7n1/lniederberger/models/GLaMoR/GLaMoR-DataPipeline/data/ont_modules/University66_www_Department15_University66_edu.owl,13,12,25
/media/nvme7n1/lniederberger/models/GLaMoR/GLaMoR-DataPipeline/data/ont_modules/University66_www_Department16_University66_edu.owl,13,12,25
/media/nvme7n1/lniederberger/models/GLaMoR/GLaMoR-DataPipeline/data/ont_modules/University66_www_Department17_University66_edu.owl,13,12,25
/media/nvme7n1/lniederberger/models/GLaMoR/GLaMoR-DataPipeline/data/ont_modules/University66_www_Department18_University66_edu.owl,13,12,25
/media/nvme7n1/lniederberger/models/GLaMoR/GLaMoR-DataPipeline/data/ont_modules/University66_www_Department19_University66_edu.owl,13,12,25
/media/nvme7n1/lniederberger/models/GLaMoR/GLaMoR-DataPipeline/data/ont_modules/University66_www_Department1_University66_edu.owl,13,12,25
/media/nvme7n1/lniederberger/models/GLaMoR/GLaMoR-DataPipeline/data/ont_modules/University66_www_Department20_University66_edu.owl,13,12,25
/media/nvme7n1/lniederberger/models/GLaMoR/GLaMoR-DataPipeline/data/ont_modules/University66_www_Department21_University66_edu.owl,13,12,25
/media/nvme7n1/lniederberger/models/GLaMoR/GLaMoR-DataPipeline/data/ont_modules/University66_www_Department2_University66_edu.owl,13,12,25
/media/nvme7n1/lniederberger/models/GLaMoR/GLaMoR-DataPipeline/data/ont_modules/University66_www_Department3_University66_edu.owl,13,12,25
/media/nvme7n1/lniederberger/models/GLaMoR/GLaMoR-DataPipeline/data/ont_modules/University66_www_Department4_University66_edu.owl,13,12,25
/media/nvme7n1/lniederberger/models/GLaMoR/GLaMoR-DataPipeline/data/ont_modules/University66_www_Department5_University66_edu.owl,13,12,25
/media/nvme7n1/lniederberger/models/GLaMoR/GLaMoR-DataPipeline/data/ont_modules/University66_www_Department6_University66_edu.owl,13,12,25
/media/nvme7n1/lniederberger/models/GLaMoR/GLaMoR-DataPipeline/data/ont_modules/University66_www_Department7_University66_edu.owl,13,12,25
/media/nvme7n1/lniederberger/models/GLaMoR/GLaMoR-DataPipeline/data/ont_modules/University66_www_Department8_University66_edu.owl,13,12,25
/media/nvme7n1/lniederberger/models/GLaMoR/GLaMoR-DataPipeline/data/ont_modules/University66_www_Department9_University66_edu.owl,13,12,25
/media/nvme7n1/lniederberger/models/GLaMoR/GLaMoR-DataPipeline/data/ont_modules/University67_www_Department0_University67_edu.owl,13,12,25
/media/nvme7n1/lniederberger/models/GLaMoR/GLaMoR-DataPipeline/data/ont_modules/University67_www_Department10_University67_edu.owl,13,12,25
/media/nvme7n1/lniederberger/models/GLaMoR/GLaMoR-DataPipeline/data/ont_modules/University67_www_Department11_University67_edu.owl,13,12,25
/media/nvme7n1/lniederberger/models/GLaMoR/GLaMoR-DataPipeline/data/ont_modules/University67_www_Department12_University67_edu.owl,13,12,25
/media/nvme7n1/lniederberger/models/GLaMoR/GLaMoR-DataPipeline/data/ont_modules/University67_www_Department13_University67_edu.owl,13,12,25
/media/nvme7n1/lniederberger/models/GLaMoR/GLaMoR-DataPipeline/data/ont_modules/University67_www_Department14_University67_edu.owl,13,12,25
/media/nvme7n1/lniederberger/models/GLaMoR/GLaMoR-DataPipeline/data/ont_modules/University67_www_Department1_University67_edu.owl,13,12,25
/media/nvme7n1/lniederberger/models/GLaMoR/GLaMoR-DataPipeline/data/ont_modules/University67_www_Department2_University67_edu.owl,13,12,25
/media/nvme7n1/lniederberger/models/GLaMoR/GLaMoR-DataPipeline/data/ont_modules/University67_www_Department3_University67_edu.owl,13,12,25
/media/nvme7n1/lniederberger/models/GLaMoR/GLaMoR-DataPipeline/data/ont_modules/University67_www_Department4_University67_edu.owl,13,12,25
/media/nvme7n1/lniederberger/models/GLaMoR/GLaMoR-DataPipeline/data/ont_modules/University67_www_Department5_University67_edu.owl,13,12,25
/media/nvme7n1/lniederberger/models/GLaMoR/GLaMoR-DataPipeline/data/ont_modules/University67_www_Department6_University67_edu.owl,13,12,25
/media/nvme7n1/lniederberger/models/GLaMoR/GLaMoR-DataPipeline/data/ont_modules/University67_www_Department7_University67_edu.owl,13,12,25
/media/nvme7n1/lniederberger/models/GLaMoR/GLaMoR-DataPipeline/data/ont_modules/University67_www_Department8_University67_edu.owl,13,12,25
/media/nvme7n1/lniederberger/models/GLaMoR/GLaMoR-DataPipeline/data/ont_modules/University67_www_Department9_University67_edu.owl,13,12,25
/media/nvme7n1/lniederberger/models/GLaMoR/GLaMoR-DataPipeline/data/ont_modules/University68_www_Department0_University68_edu.owl,13,12,25
/media/nvme7n1/lniederberger/models/GLaMoR/GLaMoR-DataPipeline/data/ont_modules/University68_www_Department10_University68_edu.owl,13,12,25
/media/nvme7n1/lniederberger/models/GLaMoR/GLaMoR-DataPipeline/data/ont_modules/University68_www_Department11_University68_edu.owl,13,12,25
/media/nvme7n1/lniederberger/models/GLaMoR/GLaMoR-DataPipeline/data/ont_modules/University68_www_Department12_University68_edu.owl,13,12,25
/media/nvme7n1/lniederberger/models/GLaMoR/GLaMoR-DataPipeline/data/ont_modules/University68_www_Department13_University68_edu.owl,13,12,25
/media/nvme7n1/lniederberger/models/GLaMoR/GLaMoR-DataPipeline/data/ont_modules/University68_www_Department14_University68_edu.owl,13,12,25
/media/nvme7n1/lniederberger/models/GLaMoR/GLaMoR-DataPipeline/data/ont_modules/University68_www_Department15_University68_edu.owl,13,12,25
/media/nvme7n1/lniederberger/models/GLaMoR/GLaMoR-DataPipeline/data/ont_modules/University68_www_Department1_University68_edu.owl,13,12,25
/media/nvme7n1/lniederberger/models/GLaMoR/GLaMoR-DataPipeline/data/ont_modules/University68_www_Department2_University68_edu.owl,13,12,25
/media/nvme7n1/lniederberger/models/GLaMoR/GLaMoR-DataPipeline/data/ont_modules/University68_www_Department3_University68_edu.owl,13,12,25
/media/nvme7n1/lniederberger/models/GLaMoR/GLaMoR-DataPipeline/data/ont_modules/University68_www_Department4_University68_edu.owl,13,12,25
/media/nvme7n1/lniederberger/models/GLaMoR/GLaMoR-DataPipeline/data/ont_modules/University68_www_Department5_University68_edu.owl,13,12,25
/media/nvme7n1/lniederberger/models/GLaMoR/GLaMoR-DataPipeline/data/ont_modules/University68_www_Department6_University68_edu.owl,13,12,25
/media/nvme7n1/lniederberger/models/GLaMoR/GLaMoR-DataPipeline/data/ont_modules/University68_www_Department7_University68_edu.owl,13,12,25
/media/nvme7n1/lniederberger/models/GLaMoR/GLaMoR-DataPipeline/data/ont_modules/University68_www_Department8_University68_edu.owl,13,12,25
/media/nvme7n1/lniederberger/models/GLaMoR/GLaMoR-DataPipeline/data/ont_modules/University68_www_Department9_University68_edu.owl,13,12,25
/media/nvme7n1/lniederberger/models/GLaMoR/GLaMoR-DataPipeline/data/ont_modules/University69_www_Department0_University69_edu.owl,13,12,25
/media/nvme7n1/lniederberger/models/GLaMoR/GLaMoR-DataPipeline/data/ont_modules/University69_www_Department10_University69_edu.owl,13,12,25
/media/nvme7n1/lniederberger/models/GLaMoR/GLaMoR-DataPipeline/data/ont_modules/University69_www_Department11_University69_edu.owl,13,12,25
/media/nvme7n1/lniederberger/models/GLaMoR/GLaMoR-DataPipeline/data/ont_modules/University69_www_Department12_University69_edu.owl,13,12,25
/media/nvme7n1/lniederberger/models/GLaMoR/GLaMoR-DataPipeline/data/ont_modules/University69_www_Department13_University69_edu.owl,13,12,25
/media/nvme7n1/lniederberger/models/GLaMoR/GLaMoR-DataPipeline/data/ont_modules/University69_www_Department14_University69_edu.owl,13,12,25
/media/nvme7n1/lniederberger/models/GLaMoR/GLaMoR-DataPipeline/data/ont_modules/University69_www_Department15_University69_edu.owl,13,12,25
/media/nvme7n1/lniederberger/models/GLaMoR/GLaMoR-DataPipeline/data/ont_modules/University69_www_Department16_University69_edu.owl,13,12,25
/media/nvme7n1/lniederberger/models/GLaMoR/GLaMoR-DataPipeline/data/ont_modules/University69_www_Department17_University69_edu.owl,13,12,25
/media/nvme7n1/lniederberger/models/GLaMoR/GLaMoR-DataPipeline/data/ont_modules/University69_www_Department18_University69_edu.owl,13,12,25
/media/nvme7n1/lniederberger/models/GLaMoR/GLaMoR-DataPipeline/data/ont_modules/University69_www_Department19_University69_edu.owl,13,12,25
/media/nvme7n1/lniederberger/models/GLaMoR/GLaMoR-DataPipeline/data/ont_modules/University69_www_Department1_University69_edu.owl,13,12,25
/media/nvme7n1/lniederberger/models/GLaMoR/GLaMoR-DataPipeline/data/ont_modules/University69_www_Department2_University69_edu.owl,13,12,25
/media/nvme7n1/lniederberger/models/GLaMoR/GLaMoR-DataPipeline/data/ont_modules/University69_www_Department3_University69_edu.owl,13,12,25
/media/nvme7n1/lniederberger/models/GLaMoR/GLaMoR-DataPipeline/data/ont_modules/University69_www_Department4_University69_edu.owl,13,12,25
/media/nvme7n1/lniederberger/models/GLaMoR/GLaMoR-DataPipeline/data/ont_modules/University69_www_Department5_University69_edu.owl,13,12,25
/media/nvme7n1/lniederberger/models/GLaMoR/GLaMoR-DataPipeline/data/ont_modules/University69_www_Department6_University69_edu.owl,13,12,25
/media/nvme7n1/lniederberger/models/GLaMoR/GLaMoR-DataPipeline/data/ont_modules/University69_www_Department7_University69_edu.owl,13,12,25
/media/nvme7n1/lniederberger/models/GLaMoR/GLaMoR-DataPipeline/data/ont_modules/University69_www_Department8_University69_edu.owl,13,12,25
/media/nvme7n1/lniederberger/models/GLaMoR/GLaMoR-DataPipeline/data/ont_modules/University69_www_Department9_University69_edu.owl,13,12,25
/media/nvme7n1/lniederberger/models/GLaMoR/GLaMoR-DataPipeline/data/ont_modules/University6_www_Department0_University6_edu.owl,13,12,25
/media/nvme7n1/lniederberger/models/GLaMoR/GLaMoR-DataPipeline/data/ont_modules/University6_www_Department10_University6_edu.owl,13,12,25
/media/nvme7n1/lniederberger/models/GLaMoR/GLaMoR-DataPipeline/data/ont_modules/University6_www_Department11_University6_edu.owl,13,12,25
/media/nvme7n1/lniederberger/models/GLaMoR/GLaMoR-DataPipeline/data/ont_modules/University6_www_Department12_University6_edu.owl,13,12,25
/media/nvme7n1/lniederberger/models/GLaMoR/GLaMoR-DataPipeline/data/ont_modules/University6_www_Department13_University6_edu.owl,13,12,25
/media/nvme7n1/lniederberger/models/GLaMoR/GLaMoR-DataPipeline/data/ont_modules/University6_www_Department14_University6_edu.owl,13,12,25
/media/nvme7n1/lniederberger/models/GLaMoR/GLaMoR-DataPipeline/data/ont_modules/University6_www_Department15_University6_edu.owl,13,12,25
/media/nvme7n1/lniederberger/models/GLaMoR/GLaMoR-DataPipeline/data/ont_modules/University6_www_Department16_University6_edu.owl,13,12,25
/media/nvme7n1/lniederberger/models/GLaMoR/GLaMoR-DataPipeline/data/ont_modules/University6_www_Department17_University6_edu.owl,13,12,25
/media/nvme7n1/lniederberger/models/GLaMoR/GLaMoR-DataPipeline/data/ont_modules/University6_www_Department18_University6_edu.owl,13,12,25
/media/nvme7n1/lniederberger/models/GLaMoR/GLaMoR-DataPipeline/data/ont_modules/University6_www_Department19_University6_edu.owl,13,12,25
/media/nvme7n1/lniederberger/models/GLaMoR/GLaMoR-DataPipeline/data/ont_modules/University6_www_Department1_University6_edu.owl,13,12,25
/media/nvme7n1/lniederberger/models/GLaMoR/GLaMoR-DataPipeline/data/ont_modules/University6_www_Department20_University6_edu.owl,13,12,25
/media/nvme7n1/lniederberger/models/GLaMoR/GLaMoR-DataPipeline/data/ont_modules/University6_www_Department21_University6_edu.owl,13,12,25
/media/nvme7n1/lniederberger/models/GLaMoR/GLaMoR-DataPipeline/data/ont_modules/University6_www_Department22_University6_edu.owl,13,12,25
/media/nvme7n1/lniederberger/models/GLaMoR/GLaMoR-DataPipeline/data/ont_modules/University6_www_Department23_University6_edu.owl,13,12,25
/media/nvme7n1/lniederberger/models/GLaMoR/GLaMoR-DataPipeline/data/ont_modules/University6_www_Department2_University6_edu.owl,13,12,25
/media/nvme7n1/lniederberger/models/GLaMoR/GLaMoR-DataPipeline/data/ont_modules/University6_www_Department3_University6_edu.owl,13,12,25
/media/nvme7n1/lniederberger/models/GLaMoR/GLaMoR-DataPipeline/data/ont_modules/University6_www_Department4_University6_edu.owl,13,12,25
/media/nvme7n1/lniederberger/models/GLaMoR/GLaMoR-DataPipeline/data/ont_modules/University6_www_Department5_University6_edu.owl,13,12,25
/media/nvme7n1/lniederberger/models/GLaMoR/GLaMoR-DataPipeline/data/ont_modules/University6_www_Department6_University6_edu.owl,13,12,25
/media/nvme7n1/lniederberger/models/GLaMoR/GLaMoR-DataPipeline/data/ont_modules/University6_www_Department7_University6_edu.owl,13,12,25
/media/nvme7n1/lniederberger/models/GLaMoR/GLaMoR-DataPipeline/data/ont_modules/University6_www_Department8_University6_edu.owl,13,12,25
/media/nvme7n1/lniederberger/models/GLaMoR/GLaMoR-DataPipeline/data/ont_modules/University6_www_Department9_University6_edu.owl,13,12,25
/media/nvme7n1/lniederberger/models/GLaMoR/GLaMoR-DataPipeline/data/ont_modules/University70_www_Department0_University70_edu.owl,13,12,25
/media/nvme7n1/lniederberger/models/GLaMoR/GLaMoR-DataPipeline/data/ont_modules/University70_www_Department10_University70_edu.owl,13,12,25
/media/nvme7n1/lniederberger/models/GLaMoR/GLaMoR-DataPipeline/data/ont_modules/University70_www_Department11_University70_edu.owl,13,12,25
/media/nvme7n1/lniederberger/models/GLaMoR/GLaMoR-DataPipeline/data/ont_modules/University70_www_Department12_University70_edu.owl,13,12,25
/media/nvme7n1/lniederberger/models/GLaMoR/GLaMoR-DataPipeline/data/ont_modules/University70_www_Department13_University70_edu.owl,13,12,25
/media/nvme7n1/lniederberger/models/GLaMoR/GLaMoR-DataPipeline/data/ont_modules/University70_www_Department14_University70_edu.owl,13,12,25
/media/nvme7n1/lniederberger/models/GLaMoR/GLaMoR-DataPipeline/data/ont_modules/University70_www_Department15_University70_edu.owl,13,12,25
/media/nvme7n1/lniederberger/models/GLaMoR/GLaMoR-DataPipeline/data/ont_modules/University70_www_Department16_University70_edu.owl,13,12,25
/media/nvme7n1/lniederberger/models/GLaMoR/GLaMoR-DataPipeline/data/ont_modules/University70_www_Department17_University70_edu.owl,13,12,25
/media/nvme7n1/lniederberger/models/GLaMoR/GLaMoR-DataPipeline/data/ont_modules/University70_www_Department1_University70_edu.owl,13,12,25
/media/nvme7n1/lniederberger/models/GLaMoR/GLaMoR-DataPipeline/data/ont_modules/University70_www_Department2_University70_edu.owl,13,12,25
/media/nvme7n1/lniederberger/models/GLaMoR/GLaMoR-DataPipeline/data/ont_modules/University70_www_Department3_University70_edu.owl,13,12,25
/media/nvme7n1/lniederberger/models/GLaMoR/GLaMoR-DataPipeline/data/ont_modules/University70_www_Department4_University70_edu.owl,13,12,25
/media/nvme7n1/lniederberger/models/GLaMoR/GLaMoR-DataPipeline/data/ont_modules/University70_www_Department5_University70_edu.owl,13,12,25
/media/nvme7n1/lniederberger/models/GLaMoR/GLaMoR-DataPipeline/data/ont_modules/University70_www_Department6_University70_edu.owl,13,12,25
/media/nvme7n1/lniederberger/models/GLaMoR/GLaMoR-DataPipeline/data/ont_modules/University70_www_Department7_University70_edu.owl,13,12,25
/media/nvme7n1/lniederberger/models/GLaMoR/GLaMoR-DataPipeline/data/ont_modules/University70_www_Department8_University70_edu.owl,13,12,25
/media/nvme7n1/lniederberger/models/GLaMoR/GLaMoR-DataPipeline/data/ont_modules/University70_www_Department9_University70_edu.owl,13,12,25
/media/nvme7n1/lniederberger/models/GLaMoR/GLaMoR-DataPipeline/data/ont_modules/University71_www_Department0_University71_edu.owl,13,12,25
/media/nvme7n1/lniederberger/models/GLaMoR/GLaMoR-DataPipeline/data/ont_modules/University71_www_Department10_University71_edu.owl,13,12,25
/media/nvme7n1/lniederberger/models/GLaMoR/GLaMoR-DataPipeline/data/ont_modules/University71_www_Department11_University71_edu.owl,13,12,25
/media/nvme7n1/lniederberger/models/GLaMoR/GLaMoR-DataPipeline/data/ont_modules/University71_www_Department12_University71_edu.owl,13,12,25
/media/nvme7n1/lniederberger/models/GLaMoR/GLaMoR-DataPipeline/data/ont_modules/University71_www_Department13_University71_edu.owl,13,12,25
/media/nvme7n1/lniederberger/models/GLaMoR/GLaMoR-DataPipeline/data/ont_modules/University71_www_Department14_University71_edu.owl,13,12,25
/media/nvme7n1/lniederberger/models/GLaMoR/GLaMoR-DataPipeline/data/ont_modules/University71_www_Department15_University71_edu.owl,13,12,25
/media/nvme7n1/lniederberger/models/GLaMoR/GLaMoR-DataPipeline/data/ont_modules/University71_www_Department16_University71_edu.owl,13,12,25
/media/nvme7n1/lniederberger/models/GLaMoR/GLaMoR-DataPipeline/data/ont_modules/University71_www_Department17_University71_edu.owl,13,12,25
/media/nvme7n1/lniederberger/models/GLaMoR/GLaMoR-DataPipeline/data/ont_modules/University71_www_Department18_University71_edu.owl,13,12,25
/media/nvme7n1/lniederberger/models/GLaMoR/GLaMoR-DataPipeline/data/ont_modules/University71_www_Department19_University71_edu.owl,13,12,25
/media/nvme7n1/lniederberger/models/GLaMoR/GLaMoR-DataPipeline/data/ont_modules/University71_www_Department1_University71_edu.owl,13,12,25
/media/nvme7n1/lniederberger/models/GLaMoR/GLaMoR-DataPipeline/data/ont_modules/University71_www_Department20_University71_edu.owl,13,12,25
/media/nvme7n1/lniederberger/models/GLaMoR/GLaMoR-DataPipeline/data/ont_modules/University71_www_Department21_University71_edu.owl,13,12,25
/media/nvme7n1/lniederberger/models/GLaMoR/GLaMoR-DataPipeline/data/ont_modules/University71_www_Department2_University71_edu.owl,13,12,25
/media/nvme7n1/lniederberger/models/GLaMoR/GLaMoR-DataPipeline/data/ont_modules/University71_www_Department3_University71_edu.owl,13,12,25
/media/nvme7n1/lniederberger/models/GLaMoR/GLaMoR-DataPipeline/data/ont_modules/University71_www_Department4_University71_edu.owl,13,12,25
/media/nvme7n1/lniederberger/models/GLaMoR/GLaMoR-DataPipeline/data/ont_modules/University71_www_Department5_University71_edu.owl,13,12,25
/media/nvme7n1/lniederberger/models/GLaMoR/GLaMoR-DataPipeline/data/ont_modules/University71_www_Department6_University71_edu.owl,13,12,25
/media/nvme7n1/lniederberger/models/GLaMoR/GLaMoR-DataPipeline/data/ont_modules/University71_www_Department7_University71_edu.owl,13,12,25
/media/nvme7n1/lniederberger/models/GLaMoR/GLaMoR-DataPipeline/data/ont_modules/University71_www_Department8_University71_edu.owl,13,12,25
/media/nvme7n1/lniederberger/models/GLaMoR/GLaMoR-DataPipeline/data/ont_modules/University71_www_Department9_University71_edu.owl,13,12,25
/media/nvme7n1/lniederberger/models/GLaMoR/GLaMoR-DataPipeline/data/ont_modules/University72_www_Department0_University72_edu.owl,13,12,25
/media/nvme7n1/lniederberger/models/GLaMoR/GLaMoR-DataPipeline/data/ont_modules/University72_www_Department10_University72_edu.owl,13,12,25
/media/nvme7n1/lniederberger/models/GLaMoR/GLaMoR-DataPipeline/data/ont_modules/University72_www_Department11_University72_edu.owl,13,12,25
/media/nvme7n1/lniederberger/models/GLaMoR/GLaMoR-DataPipeline/data/ont_modules/University72_www_Department12_University72_edu.owl,13,12,25
/media/nvme7n1/lniederberger/models/GLaMoR/GLaMoR-DataPipeline/data/ont_modules/University72_www_Department13_University72_edu.owl,13,12,25
/media/nvme7n1/lniederberger/models/GLaMoR/GLaMoR-DataPipeline/data/ont_modules/University72_www_Department14_University72_edu.owl,13,12,25
/media/nvme7n1/lniederberger/models/GLaMoR/GLaMoR-DataPipeline/data/ont_modules/University72_www_Department15_University72_edu.owl,13,12,25
/media/nvme7n1/lniederberger/models/GLaMoR/GLaMoR-DataPipeline/data/ont_modules/University72_www_Department16_University72_edu.owl,13,12,25
/media/nvme7n1/lniederberger/models/GLaMoR/GLaMoR-DataPipeline/data/ont_modules/University72_www_Department17_University72_edu.owl,13,12,25
/media/nvme7n1/lniederberger/models/GLaMoR/GLaMoR-DataPipeline/data/ont_modules/University72_www_Department18_University72_edu.owl,13,12,25
/media/nvme7n1/lniederberger/models/GLaMoR/GLaMoR-DataPipeline/data/ont_modules/University72_www_Department19_University72_edu.owl,13,12,25
/media/nvme7n1/lniederberger/models/GLaMoR/GLaMoR-DataPipeline/data/ont_modules/University72_www_Department1_University72_edu.owl,13,12,25
/media/nvme7n1/lniederberger/models/GLaMoR/GLaMoR-DataPipeline/data/ont_modules/University72_www_Department20_University72_edu.owl,13,12,25
/media/nvme7n1/lniederberger/models/GLaMoR/GLaMoR-DataPipeline/data/ont_modules/University72_www_Department21_University72_edu.owl,13,12,25
/media/nvme7n1/lniederberger/models/GLaMoR/GLaMoR-DataPipeline/data/ont_modules/University72_www_Department22_University72_edu.owl,13,12,25
/media/nvme7n1/lniederberger/models/GLaMoR/GLaMoR-DataPipeline/data/ont_modules/University72_www_Department2_University72_edu.owl,13,12,25
/media/nvme7n1/lniederberger/models/GLaMoR/GLaMoR-DataPipeline/data/ont_modules/University72_www_Department3_University72_edu.owl,13,12,25
/media/nvme7n1/lniederberger/models/GLaMoR/GLaMoR-DataPipeline/data/ont_modules/University72_www_Department4_University72_edu.owl,13,12,25
/media/nvme7n1/lniederberger/models/GLaMoR/GLaMoR-DataPipeline/data/ont_modules/University72_www_Department5_University72_edu.owl,13,12,25
/media/nvme7n1/lniederberger/models/GLaMoR/GLaMoR-DataPipeline/data/ont_modules/University72_www_Department6_University72_edu.owl,13,12,25
/media/nvme7n1/lniederberger/models/GLaMoR/GLaMoR-DataPipeline/data/ont_modules/University72_www_Department7_University72_edu.owl,13,12,25
/media/nvme7n1/lniederberger/models/GLaMoR/GLaMoR-DataPipeline/data/ont_modules/University72_www_Department8_University72_edu.owl,13,12,25
/media/nvme7n1/lniederberger/models/GLaMoR/GLaMoR-DataPipeline/data/ont_modules/University72_www_Department9_University72_edu.owl,13,12,25
/media/nvme7n1/lniederberger/models/GLaMoR/GLaMoR-DataPipeline/data/ont_modules/University73_www_Department0_University73_edu.owl,13,12,25
/media/nvme7n1/lniederberger/models/GLaMoR/GLaMoR-DataPipeline/data/ont_modules/University73_www_Department10_University73_edu.owl,13,12,25
/media/nvme7n1/lniederberger/models/GLaMoR/GLaMoR-DataPipeline/data/ont_modules/University73_www_Department11_University73_edu.owl,13,12,25
/media/nvme7n1/lniederberger/models/GLaMoR/GLaMoR-DataPipeline/data/ont_modules/University73_www_Department12_University73_edu.owl,13,12,25
/media/nvme7n1/lniederberger/models/GLaMoR/GLaMoR-DataPipeline/data/ont_modules/University73_www_Department13_University73_edu.owl,13,12,25
/media/nvme7n1/lniederberger/models/GLaMoR/GLaMoR-DataPipeline/data/ont_modules/University73_www_Department14_University73_edu.owl,13,12,25
/media/nvme7n1/lniederberger/models/GLaMoR/GLaMoR-DataPipeline/data/ont_modules/University73_www_Department15_University73_edu.owl,13,12,25
/media/nvme7n1/lniederberger/models/GLaMoR/GLaMoR-DataPipeline/data/ont_modules/University73_www_Department16_University73_edu.owl,13,12,25
/media/nvme7n1/lniederberger/models/GLaMoR/GLaMoR-DataPipeline/data/ont_modules/University73_www_Department1_University73_edu.owl,13,12,25
/media/nvme7n1/lniederberger/models/GLaMoR/GLaMoR-DataPipeline/data/ont_modules/University73_www_Department2_University73_edu.owl,13,12,25
/media/nvme7n1/lniederberger/models/GLaMoR/GLaMoR-DataPipeline/data/ont_modules/University73_www_Department3_University73_edu.owl,13,12,25
/media/nvme7n1/lniederberger/models/GLaMoR/GLaMoR-DataPipeline/data/ont_modules/University73_www_Department4_University73_edu.owl,13,12,25
/media/nvme7n1/lniederberger/models/GLaMoR/GLaMoR-DataPipeline/data/ont_modules/University73_www_Department5_University73_edu.owl,13,12,25
/media/nvme7n1/lniederberger/models/GLaMoR/GLaMoR-DataPipeline/data/ont_modules/University73_www_Department6_University73_edu.owl,13,12,25
/media/nvme7n1/lniederberger/models/GLaMoR/GLaMoR-DataPipeline/data/ont_modules/University73_www_Department7_University73_edu.owl,13,12,25
/media/nvme7n1/lniederberger/models/GLaMoR/GLaMoR-DataPipeline/data/ont_modules/University73_www_Department8_University73_edu.owl,13,12,25
/media/nvme7n1/lniederberger/models/GLaMoR/GLaMoR-DataPipeline/data/ont_modules/University73_www_Department9_University73_edu.owl,13,12,25
/media/nvme7n1/lniederberger/models/GLaMoR/GLaMoR-DataPipeline/data/ont_modules/University74_www_Department0_University74_edu.owl,13,12,25
/media/nvme7n1/lniederberger/models/GLaMoR/GLaMoR-DataPipeline/data/ont_modules/University74_www_Department10_University74_edu.owl,13,12,25
/media/nvme7n1/lniederberger/models/GLaMoR/GLaMoR-DataPipeline/data/ont_modules/University74_www_Department11_University74_edu.owl,13,12,25
/media/nvme7n1/lniederberger/models/GLaMoR/GLaMoR-DataPipeline/data/ont_modules/University74_www_Department12_University74_edu.owl,13,12,25
/media/nvme7n1/lniederberger/models/GLaMoR/GLaMoR-DataPipeline/data/ont_modules/University74_www_Department13_University74_edu.owl,13,12,25
/media/nvme7n1/lniederberger/models/GLaMoR/GLaMoR-DataPipeline/data/ont_modules/University74_www_Department14_University74_edu.owl,13,12,25
/media/nvme7n1/lniederberger/models/GLaMoR/GLaMoR-DataPipeline/data/ont_modules/University74_www_Department15_University74_edu.owl,13,12,25
/media/nvme7n1/lniederberger/models/GLaMoR/GLaMoR-DataPipeline/data/ont_modules/University74_www_Department16_University74_edu.owl,13,12,25
/media/nvme7n1/lniederberger/models/GLaMoR/GLaMoR-DataPipeline/data/ont_modules/University74_www_Department17_University74_edu.owl,13,12,25
/media/nvme7n1/lniederberger/models/GLaMoR/GLaMoR-DataPipeline/data/ont_modules/University74_www_Department18_University74_edu.owl,13,12,25
/media/nvme7n1/lniederberger/models/GLaMoR/GLaMoR-DataPipeline/data/ont_modules/University74_www_Department19_University74_edu.owl,13,12,25
/media/nvme7n1/lniederberger/models/GLaMoR/GLaMoR-DataPipeline/data/ont_modules/University74_www_Department1_University74_edu.owl,13,12,25
/media/nvme7n1/lniederberger/models/GLaMoR/GLaMoR-DataPipeline/data/ont_modules/University74_www_Department20_University74_edu.owl,13,12,25
/media/nvme7n1/lniederberger/models/GLaMoR/GLaMoR-DataPipeline/data/ont_modules/University74_www_Department21_University74_edu.owl,13,12,25
/media/nvme7n1/lniederberger/models/GLaMoR/GLaMoR-DataPipeline/data/ont_modules/University74_www_Department22_University74_edu.owl,13,12,25
/media/nvme7n1/lniederberger/models/GLaMoR/GLaMoR-DataPipeline/data/ont_modules/University74_www_Department23_University74_edu.owl,13,12,25
/media/nvme7n1/lniederberger/models/GLaMoR/GLaMoR-DataPipeline/data/ont_modules/University74_www_Department24_University74_edu.owl,13,12,25
/media/nvme7n1/lniederberger/models/GLaMoR/GLaMoR-DataPipeline/data/ont_modules/University74_www_Department2_University74_edu.owl,13,12,25
/media/nvme7n1/lniederberger/models/GLaMoR/GLaMoR-DataPipeline/data/ont_modules/University74_www_Department3_University74_edu.owl,13,12,25
/media/nvme7n1/lniederberger/models/GLaMoR/GLaMoR-DataPipeline/data/ont_modules/University74_www_Department4_University74_edu.owl,13,12,25
/media/nvme7n1/lniederberger/models/GLaMoR/GLaMoR-DataPipeline/data/ont_modules/University74_www_Department5_University74_edu.owl,13,12,25
/media/nvme7n1/lniederberger/models/GLaMoR/GLaMoR-DataPipeline/data/ont_modules/University74_www_Department6_University74_edu.owl,13,12,25
/media/nvme7n1/lniederberger/models/GLaMoR/GLaMoR-DataPipeline/data/ont_modules/University74_www_Department7_University74_edu.owl,13,12,25
/media/nvme7n1/lniederberger/models/GLaMoR/GLaMoR-DataPipeline/data/ont_modules/University74_www_Department8_University74_edu.owl,13,12,25
/media/nvme7n1/lniederberger/models/GLaMoR/GLaMoR-DataPipeline/data/ont_modules/University74_www_Department9_University74_edu.owl,13,12,25
/media/nvme7n1/lniederberger/models/GLaMoR/GLaMoR-DataPipeline/data/ont_modules/University75_www_Department0_University75_edu.owl,13,12,25
/media/nvme7n1/lniederberger/models/GLaMoR/GLaMoR-DataPipeline/data/ont_modules/University75_www_Department10_University75_edu.owl,13,12,25
/media/nvme7n1/lniederberger/models/GLaMoR/GLaMoR-DataPipeline/data/ont_modules/University75_www_Department11_University75_edu.owl,13,12,25
/media/nvme7n1/lniederberger/models/GLaMoR/GLaMoR-DataPipeline/data/ont_modules/University75_www_Department12_University75_edu.owl,13,12,25
/media/nvme7n1/lniederberger/models/GLaMoR/GLaMoR-DataPipeline/data/ont_modules/University75_www_Department13_University75_edu.owl,13,12,25
/media/nvme7n1/lniederberger/models/GLaMoR/GLaMoR-DataPipeline/data/ont_modules/University75_www_Department14_University75_edu.owl,13,12,25
/media/nvme7n1/lniederberger/models/GLaMoR/GLaMoR-DataPipeline/data/ont_modules/University75_www_Department15_University75_edu.owl,13,12,25
/media/nvme7n1/lniederberger/models/GLaMoR/GLaMoR-DataPipeline/data/ont_modules/University75_www_Department16_University75_edu.owl,13,12,25
/media/nvme7n1/lniederberger/models/GLaMoR/GLaMoR-DataPipeline/data/ont_modules/University75_www_Department17_University75_edu.owl,13,12,25
/media/nvme7n1/lniederberger/models/GLaMoR/GLaMoR-DataPipeline/data/ont_modules/University75_www_Department18_University75_edu.owl,13,12,25
/media/nvme7n1/lniederberger/models/GLaMoR/GLaMoR-DataPipeline/data/ont_modules/University75_www_Department1_University75_edu.owl,13,12,25
/media/nvme7n1/lniederberger/models/GLaMoR/GLaMoR-DataPipeline/data/ont_modules/University75_www_Department2_University75_edu.owl,13,12,25
/media/nvme7n1/lniederberger/models/GLaMoR/GLaMoR-DataPipeline/data/ont_modules/University75_www_Department3_University75_edu.owl,13,12,25
/media/nvme7n1/lniederberger/models/GLaMoR/GLaMoR-DataPipeline/data/ont_modules/University75_www_Department4_University75_edu.owl,13,12,25
/media/nvme7n1/lniederberger/models/GLaMoR/GLaMoR-DataPipeline/data/ont_modules/University75_www_Department5_University75_edu.owl,13,12,25
/media/nvme7n1/lniederberger/models/GLaMoR/GLaMoR-DataPipeline/data/ont_modules/University75_www_Department6_University75_edu.owl,13,12,25
/media/nvme7n1/lniederberger/models/GLaMoR/GLaMoR-DataPipeline/data/ont_modules/University75_www_Department7_University75_edu.owl,13,12,25
/media/nvme7n1/lniederberger/models/GLaMoR/GLaMoR-DataPipeline/data/ont_modules/University75_www_Department8_University75_edu.owl,13,12,25
/media/nvme7n1/lniederberger/models/GLaMoR/GLaMoR-DataPipeline/data/ont_modules/University75_www_Department9_University75_edu.owl,13,12,25
/media/nvme7n1/lniederberger/models/GLaMoR/GLaMoR-DataPipeline/data/ont_modules/University76_www_Department0_University76_edu.owl,13,12,25
/media/nvme7n1/lniederberger/models/GLaMoR/GLaMoR-DataPipeline/data/ont_modules/University76_www_Department10_University76_edu.owl,13,12,25
/media/nvme7n1/lniederberger/models/GLaMoR/GLaMoR-DataPipeline/data/ont_modules/University76_www_Department11_University76_edu.owl,13,12,25
/media/nvme7n1/lniederberger/models/GLaMoR/GLaMoR-DataPipeline/data/ont_modules/University76_www_Department12_University76_edu.owl,13,12,25
/media/nvme7n1/lniederberger/models/GLaMoR/GLaMoR-DataPipeline/data/ont_modules/University76_www_Department13_University76_edu.owl,13,12,25
/media/nvme7n1/lniederberger/models/GLaMoR/GLaMoR-DataPipeline/data/ont_modules/University76_www_Department14_University76_edu.owl,13,12,25
/media/nvme7n1/lniederberger/models/GLaMoR/GLaMoR-DataPipeline/data/ont_modules/University76_www_Department15_University76_edu.owl,13,12,25
/media/nvme7n1/lniederberger/models/GLaMoR/GLaMoR-DataPipeline/data/ont_modules/University76_www_Department16_University76_edu.owl,13,12,25
/media/nvme7n1/lniederberger/models/GLaMoR/GLaMoR-DataPipeline/data/ont_modules/University76_www_Department17_University76_edu.owl,13,12,25
/media/nvme7n1/lniederberger/models/GLaMoR/GLaMoR-DataPipeline/data/ont_modules/University76_www_Department18_University76_edu.owl,13,12,25
/media/nvme7n1/lniederberger/models/GLaMoR/GLaMoR-DataPipeline/data/ont_modules/University76_www_Department1_University76_edu.owl,13,12,25
/media/nvme7n1/lniederberger/models/GLaMoR/GLaMoR-DataPipeline/data/ont_modules/University76_www_Department2_University76_edu.owl,13,12,25
/media/nvme7n1/lniederberger/models/GLaMoR/GLaMoR-DataPipeline/data/ont_modules/University76_www_Department3_University76_edu.owl,13,12,25
/media/nvme7n1/lniederberger/models/GLaMoR/GLaMoR-DataPipeline/data/ont_modules/University76_www_Department4_University76_edu.owl,13,12,25
/media/nvme7n1/lniederberger/models/GLaMoR/GLaMoR-DataPipeline/data/ont_modules/University76_www_Department5_University76_edu.owl,13,12,25
/media/nvme7n1/lniederberger/models/GLaMoR/GLaMoR-DataPipeline/data/ont_modules/University76_www_Department6_University76_edu.owl,13,12,25
/media/nvme7n1/lniederberger/models/GLaMoR/GLaMoR-DataPipeline/data/ont_modules/University76_www_Department7_University76_edu.owl,13,12,25
/media/nvme7n1/lniederberger/models/GLaMoR/GLaMoR-DataPipeline/data/ont_modules/University76_www_Department8_University76_edu.owl,13,12,25
/media/nvme7n1/lniederberger/models/GLaMoR/GLaMoR-DataPipeline/data/ont_modules/University76_www_Department9_University76_edu.owl,13,12,25
/media/nvme7n1/lniederberger/models/GLaMoR/GLaMoR-DataPipeline/data/ont_modules/University77_www_Department0_University77_edu.owl,13,12,25
/media/nvme7n1/lniederberger/models/GLaMoR/GLaMoR-DataPipeline/data/ont_modules/University77_www_Department10_University77_edu.owl,13,12,25
/media/nvme7n1/lniederberger/models/GLaMoR/GLaMoR-DataPipeline/data/ont_modules/University77_www_Department11_University77_edu.owl,13,12,25
/media/nvme7n1/lniederberger/models/GLaMoR/GLaMoR-DataPipeline/data/ont_modules/University77_www_Department12_University77_edu.owl,13,12,25
/media/nvme7n1/lniederberger/models/GLaMoR/GLaMoR-DataPipeline/data/ont_modules/University77_www_Department13_University77_edu.owl,13,12,25
/media/nvme7n1/lniederberger/models/GLaMoR/GLaMoR-DataPipeline/data/ont_modules/University77_www_Department14_University77_edu.owl,13,12,25
/media/nvme7n1/lniederberger/models/GLaMoR/GLaMoR-DataPipeline/data/ont_modules/University77_www_Department15_University77_edu.owl,13,12,25
/media/nvme7n1/lniederberger/models/GLaMoR/GLaMoR-DataPipeline/data/ont_modules/University77_www_Department16_University77_edu.owl,13,12,25
/media/nvme7n1/lniederberger/models/GLaMoR/GLaMoR-DataPipeline/data/ont_modules/University77_www_Department17_University77_edu.owl,13,12,25
/media/nvme7n1/lniederberger/models/GLaMoR/GLaMoR-DataPipeline/data/ont_modules/University77_www_Department18_University77_edu.owl,13,12,25
/media/nvme7n1/lniederberger/models/GLaMoR/GLaMoR-DataPipeline/data/ont_modules/University77_www_Department19_University77_edu.owl,13,12,25
/media/nvme7n1/lniederberger/models/GLaMoR/GLaMoR-DataPipeline/data/ont_modules/University77_www_Department1_University77_edu.owl,13,12,25
/media/nvme7n1/lniederberger/models/GLaMoR/GLaMoR-DataPipeline/data/ont_modules/University77_www_Department20_University77_edu.owl,13,12,25
/media/nvme7n1/lniederberger/models/GLaMoR/GLaMoR-DataPipeline/data/ont_modules/University77_www_Department21_University77_edu.owl,13,12,25
/media/nvme7n1/lniederberger/models/GLaMoR/GLaMoR-DataPipeline/data/ont_modules/University77_www_Department22_University77_edu.owl,13,12,25
/media/nvme7n1/lniederberger/models/GLaMoR/GLaMoR-DataPipeline/data/ont_modules/University77_www_Department23_University77_edu.owl,13,12,25
/media/nvme7n1/lniederberger/models/GLaMoR/GLaMoR-DataPipeline/data/ont_modules/University77_www_Department2_University77_edu.owl,13,12,25
/media/nvme7n1/lniederberger/models/GLaMoR/GLaMoR-DataPipeline/data/ont_modules/University77_www_Department3_University77_edu.owl,13,12,25
/media/nvme7n1/lniederberger/models/GLaMoR/GLaMoR-DataPipeline/data/ont_modules/University77_www_Department4_University77_edu.owl,13,12,25
/media/nvme7n1/lniederberger/models/GLaMoR/GLaMoR-DataPipeline/data/ont_modules/University77_www_Department5_University77_edu.owl,13,12,25
/media/nvme7n1/lniederberger/models/GLaMoR/GLaMoR-DataPipeline/data/ont_modules/University77_www_Department6_University77_edu.owl,13,12,25
/media/nvme7n1/lniederberger/models/GLaMoR/GLaMoR-DataPipeline/data/ont_modules/University77_www_Department7_University77_edu.owl,13,12,25
/media/nvme7n1/lniederberger/models/GLaMoR/GLaMoR-DataPipeline/data/ont_modules/University77_www_Department8_University77_edu.owl,13,12,25
/media/nvme7n1/lniederberger/models/GLaMoR/GLaMoR-DataPipeline/data/ont_modules/University77_www_Department9_University77_edu.owl,13,12,25
/media/nvme7n1/lniederberger/models/GLaMoR/GLaMoR-DataPipeline/data/ont_modules/University78_www_Department0_University78_edu.owl,13,12,25
/media/nvme7n1/lniederberger/models/GLaMoR/GLaMoR-DataPipeline/data/ont_modules/University78_www_Department10_University78_edu.owl,13,12,25
/media/nvme7n1/lniederberger/models/GLaMoR/GLaMoR-DataPipeline/data/ont_modules/University78_www_Department11_University78_edu.owl,13,12,25
/media/nvme7n1/lniederberger/models/GLaMoR/GLaMoR-DataPipeline/data/ont_modules/University78_www_Department12_University78_edu.owl,13,12,25
/media/nvme7n1/lniederberger/models/GLaMoR/GLaMoR-DataPipeline/data/ont_modules/University78_www_Department13_University78_edu.owl,13,12,25
/media/nvme7n1/lniederberger/models/GLaMoR/GLaMoR-DataPipeline/data/ont_modules/University78_www_Department14_University78_edu.owl,13,12,25
/media/nvme7n1/lniederberger/models/GLaMoR/GLaMoR-DataPipeline/data/ont_modules/University78_www_Department15_University78_edu.owl,13,12,25
/media/nvme7n1/lniederberger/models/GLaMoR/GLaMoR-DataPipeline/data/ont_modules/University78_www_Department16_University78_edu.owl,13,12,25
/media/nvme7n1/lniederberger/models/GLaMoR/GLaMoR-DataPipeline/data/ont_modules/University78_www_Department17_University78_edu.owl,13,12,25
/media/nvme7n1/lniederberger/models/GLaMoR/GLaMoR-DataPipeline/data/ont_modules/University78_www_Department18_University78_edu.owl,13,12,25
/media/nvme7n1/lniederberger/models/GLaMoR/GLaMoR-DataPipeline/data/ont_modules/University78_www_Department19_University78_edu.owl,13,12,25
/media/nvme7n1/lniederberger/models/GLaMoR/GLaMoR-DataPipeline/data/ont_modules/University78_www_Department1_University78_edu.owl,13,12,25
/media/nvme7n1/lniederberger/models/GLaMoR/GLaMoR-DataPipeline/data/ont_modules/University78_www_Department20_University78_edu.owl,13,12,25
/media/nvme7n1/lniederberger/models/GLaMoR/GLaMoR-DataPipeline/data/ont_modules/University78_www_Department2_University78_edu.owl,13,12,25
/media/nvme7n1/lniederberger/models/GLaMoR/GLaMoR-DataPipeline/data/ont_modules/University78_www_Department3_University78_edu.owl,13,12,25
/media/nvme7n1/lniederberger/models/GLaMoR/GLaMoR-DataPipeline/data/ont_modules/University78_www_Department4_University78_edu.owl,13,12,25
/media/nvme7n1/lniederberger/models/GLaMoR/GLaMoR-DataPipeline/data/ont_modules/University78_www_Department5_University78_edu.owl,13,12,25
/media/nvme7n1/lniederberger/models/GLaMoR/GLaMoR-DataPipeline/data/ont_modules/University78_www_Department6_University78_edu.owl,13,12,25
/media/nvme7n1/lniederberger/models/GLaMoR/GLaMoR-DataPipeline/data/ont_modules/University78_www_Department7_University78_edu.owl,13,12,25
/media/nvme7n1/lniederberger/models/GLaMoR/GLaMoR-DataPipeline/data/ont_modules/University78_www_Department8_University78_edu.owl,13,12,25
/media/nvme7n1/lniederberger/models/GLaMoR/GLaMoR-DataPipeline/data/ont_modules/University78_www_Department9_University78_edu.owl,13,12,25
/media/nvme7n1/lniederberger/models/GLaMoR/GLaMoR-DataPipeline/data/ont_modules/University79_www_Department0_University79_edu.owl,13,12,25
/media/nvme7n1/lniederberger/models/GLaMoR/GLaMoR-DataPipeline/data/ont_modules/University79_www_Department10_University79_edu.owl,13,12,25
/media/nvme7n1/lniederberger/models/GLaMoR/GLaMoR-DataPipeline/data/ont_modules/University79_www_Department11_University79_edu.owl,13,12,25
/media/nvme7n1/lniederberger/models/GLaMoR/GLaMoR-DataPipeline/data/ont_modules/University79_www_Department12_University79_edu.owl,13,12,25
/media/nvme7n1/lniederberger/models/GLaMoR/GLaMoR-DataPipeline/data/ont_modules/University79_www_Department13_University79_edu.owl,13,12,25
/media/nvme7n1/lniederberger/models/GLaMoR/GLaMoR-DataPipeline/data/ont_modules/University79_www_Department14_University79_edu.owl,13,12,25
/media/nvme7n1/lniederberger/models/GLaMoR/GLaMoR-DataPipeline/data/ont_modules/University79_www_Department1_University79_edu.owl,13,12,25
/media/nvme7n1/lniederberger/models/GLaMoR/GLaMoR-DataPipeline/data/ont_modules/University79_www_Department2_University79_edu.owl,13,12,25
/media/nvme7n1/lniederberger/models/GLaMoR/GLaMoR-DataPipeline/data/ont_modules/University79_www_Department3_University79_edu.owl,13,12,25
/media/nvme7n1/lniederberger/models/GLaMoR/GLaMoR-DataPipeline/data/ont_modules/University79_www_Department4_University79_edu.owl,13,12,25
/media/nvme7n1/lniederberger/models/GLaMoR/GLaMoR-DataPipeline/data/ont_modules/University79_www_Department5_University79_edu.owl,13,12,25
/media/nvme7n1/lniederberger/models/GLaMoR/GLaMoR-DataPipeline/data/ont_modules/University79_www_Department6_University79_edu.owl,13,12,25
/media/nvme7n1/lniederberger/models/GLaMoR/GLaMoR-DataPipeline/data/ont_modules/University79_www_Department7_University79_edu.owl,13,12,25
/media/nvme7n1/lniederberger/models/GLaMoR/GLaMoR-DataPipeline/data/ont_modules/University79_www_Department8_University79_edu.owl,13,12,25
/media/nvme7n1/lniederberger/models/GLaMoR/GLaMoR-DataPipeline/data/ont_modules/University79_www_Department9_University79_edu.owl,13,12,25
/media/nvme7n1/lniederberger/models/GLaMoR/GLaMoR-DataPipeline/data/ont_modules/University7_www_Department0_University7_edu.owl,13,12,25
/media/nvme7n1/lniederberger/models/GLaMoR/GLaMoR-DataPipeline/data/ont_modules/University7_www_Department10_University7_edu.owl,13,12,25
/media/nvme7n1/lniederberger/models/GLaMoR/GLaMoR-DataPipeline/data/ont_modules/University7_www_Department11_University7_edu.owl,13,12,25
/media/nvme7n1/lniederberger/models/GLaMoR/GLaMoR-DataPipeline/data/ont_modules/University7_www_Department12_University7_edu.owl,13,12,25
/media/nvme7n1/lniederberger/models/GLaMoR/GLaMoR-DataPipeline/data/ont_modules/University7_www_Department13_University7_edu.owl,13,12,25
/media/nvme7n1/lniederberger/models/GLaMoR/GLaMoR-DataPipeline/data/ont_modules/University7_www_Department14_University7_edu.owl,13,12,25
/media/nvme7n1/lniederberger/models/GLaMoR/GLaMoR-DataPipeline/data/ont_modules/University7_www_Department15_University7_edu.owl,13,12,25
/media/nvme7n1/lniederberger/models/GLaMoR/GLaMoR-DataPipeline/data/ont_modules/University7_www_Department16_University7_edu.owl,13,12,25
/media/nvme7n1/lniederberger/models/GLaMoR/GLaMoR-DataPipeline/data/ont_modules/University7_www_Department1_University7_edu.owl,13,12,25
/media/nvme7n1/lniederberger/models/GLaMoR/GLaMoR-DataPipeline/data/ont_modules/University7_www_Department2_University7_edu.owl,13,12,25
/media/nvme7n1/lniederberger/models/GLaMoR/GLaMoR-DataPipeline/data/ont_modules/University7_www_Department3_University7_edu.owl,13,12,25
/media/nvme7n1/lniederberger/models/GLaMoR/GLaMoR-DataPipeline/data/ont_modules/University7_www_Department4_University7_edu.owl,13,12,25
/media/nvme7n1/lniederberger/models/GLaMoR/GLaMoR-DataPipeline/data/ont_modules/University7_www_Department5_University7_edu.owl,13,12,25
/media/nvme7n1/lniederberger/models/GLaMoR/GLaMoR-DataPipeline/data/ont_modules/University7_www_Department6_University7_edu.owl,13,12,25
/media/nvme7n1/lniederberger/models/GLaMoR/GLaMoR-DataPipeline/data/ont_modules/University7_www_Department7_University7_edu.owl,13,12,25
/media/nvme7n1/lniederberger/models/GLaMoR/GLaMoR-DataPipeline/data/ont_modules/University7_www_Department8_University7_edu.owl,13,12,25
/media/nvme7n1/lniederberger/models/GLaMoR/GLaMoR-DataPipeline/data/ont_modules/University7_www_Department9_University7_edu.owl,13,12,25
/media/nvme7n1/lniederberger/models/GLaMoR/GLaMoR-DataPipeline/data/ont_modules/University80_www_Department0_University80_edu.owl,13,12,25
/media/nvme7n1/lniederberger/models/GLaMoR/GLaMoR-DataPipeline/data/ont_modules/University80_www_Department10_University80_edu.owl,13,12,25
/media/nvme7n1/lniederberger/models/GLaMoR/GLaMoR-DataPipeline/data/ont_modules/University80_www_Department11_University80_edu.owl,13,12,25
/media/nvme7n1/lniederberger/models/GLaMoR/GLaMoR-DataPipeline/data/ont_modules/University80_www_Department12_University80_edu.owl,13,12,25
/media/nvme7n1/lniederberger/models/GLaMoR/GLaMoR-DataPipeline/data/ont_modules/University80_www_Department13_University80_edu.owl,13,12,25
/media/nvme7n1/lniederberger/models/GLaMoR/GLaMoR-DataPipeline/data/ont_modules/University80_www_Department14_University80_edu.owl,13,12,25
/media/nvme7n1/lniederberger/models/GLaMoR/GLaMoR-DataPipeline/data/ont_modules/University80_www_Department15_University80_edu.owl,13,12,25
/media/nvme7n1/lniederberger/models/GLaMoR/GLaMoR-DataPipeline/data/ont_modules/University80_www_Department16_University80_edu.owl,13,12,25
/media/nvme7n1/lniederberger/models/GLaMoR/GLaMoR-DataPipeline/data/ont_modules/University80_www_Department17_University80_edu.owl,13,12,25
/media/nvme7n1/lniederberger/models/GLaMoR/GLaMoR-DataPipeline/data/ont_modules/University80_www_Department18_University80_edu.owl,13,12,25
/media/nvme7n1/lniederberger/models/GLaMoR/GLaMoR-DataPipeline/data/ont_modules/University80_www_Department19_University80_edu.owl,13,12,25
/media/nvme7n1/lniederberger/models/GLaMoR/GLaMoR-DataPipeline/data/ont_modules/University80_www_Department1_University80_edu.owl,13,12,25
/media/nvme7n1/lniederberger/models/GLaMoR/GLaMoR-DataPipeline/data/ont_modules/University80_www_Department20_University80_edu.owl,13,12,25
/media/nvme7n1/lniederberger/models/GLaMoR/GLaMoR-DataPipeline/data/ont_modules/University80_www_Department21_University80_edu.owl,13,12,25
/media/nvme7n1/lniederberger/models/GLaMoR/GLaMoR-DataPipeline/data/ont_modules/University80_www_Department22_University80_edu.owl,13,12,25
/media/nvme7n1/lniederberger/models/GLaMoR/GLaMoR-DataPipeline/data/ont_modules/University80_www_Department23_University80_edu.owl,13,12,25
/media/nvme7n1/lniederberger/models/GLaMoR/GLaMoR-DataPipeline/data/ont_modules/University80_www_Department2_University80_edu.owl,13,12,25
/media/nvme7n1/lniederberger/models/GLaMoR/GLaMoR-DataPipeline/data/ont_modules/University80_www_Department3_University80_edu.owl,13,12,25
/media/nvme7n1/lniederberger/models/GLaMoR/GLaMoR-DataPipeline/data/ont_modules/University80_www_Department4_University80_edu.owl,13,12,25
/media/nvme7n1/lniederberger/models/GLaMoR/GLaMoR-DataPipeline/data/ont_modules/University80_www_Department5_University80_edu.owl,13,12,25
/media/nvme7n1/lniederberger/models/GLaMoR/GLaMoR-DataPipeline/data/ont_modules/University80_www_Department6_University80_edu.owl,13,12,25
/media/nvme7n1/lniederberger/models/GLaMoR/GLaMoR-DataPipeline/data/ont_modules/University80_www_Department7_University80_edu.owl,13,12,25
/media/nvme7n1/lniederberger/models/GLaMoR/GLaMoR-DataPipeline/data/ont_modules/University80_www_Department8_University80_edu.owl,13,12,25
/media/nvme7n1/lniederberger/models/GLaMoR/GLaMoR-DataPipeline/data/ont_modules/University80_www_Department9_University80_edu.owl,13,12,25
/media/nvme7n1/lniederberger/models/GLaMoR/GLaMoR-DataPipeline/data/ont_modules/University81_www_Department0_University81_edu.owl,13,12,25
/media/nvme7n1/lniederberger/models/GLaMoR/GLaMoR-DataPipeline/data/ont_modules/University81_www_Department10_University81_edu.owl,13,12,25
/media/nvme7n1/lniederberger/models/GLaMoR/GLaMoR-DataPipeline/data/ont_modules/University81_www_Department11_University81_edu.owl,13,12,25
/media/nvme7n1/lniederberger/models/GLaMoR/GLaMoR-DataPipeline/data/ont_modules/University81_www_Department12_University81_edu.owl,13,12,25
/media/nvme7n1/lniederberger/models/GLaMoR/GLaMoR-DataPipeline/data/ont_modules/University81_www_Department13_University81_edu.owl,13,12,25
/media/nvme7n1/lniederberger/models/GLaMoR/GLaMoR-DataPipeline/data/ont_modules/University81_www_Department14_University81_edu.owl,13,12,25
/media/nvme7n1/lniederberger/models/GLaMoR/GLaMoR-DataPipeline/data/ont_modules/University81_www_Department15_University81_edu.owl,13,12,25
/media/nvme7n1/lniederberger/models/GLaMoR/GLaMoR-DataPipeline/data/ont_modules/University81_www_Department16_University81_edu.owl,13,12,25
/media/nvme7n1/lniederberger/models/GLaMoR/GLaMoR-DataPipeline/data/ont_modules/University81_www_Department1_University81_edu.owl,13,12,25
/media/nvme7n1/lniederberger/models/GLaMoR/GLaMoR-DataPipeline/data/ont_modules/University81_www_Department2_University81_edu.owl,13,12,25
/media/nvme7n1/lniederberger/models/GLaMoR/GLaMoR-DataPipeline/data/ont_modules/University81_www_Department3_University81_edu.owl,13,12,25
/media/nvme7n1/lniederberger/models/GLaMoR/GLaMoR-DataPipeline/data/ont_modules/University81_www_Department4_University81_edu.owl,13,12,25
/media/nvme7n1/lniederberger/models/GLaMoR/GLaMoR-DataPipeline/data/ont_modules/University81_www_Department5_University81_edu.owl,13,12,25
/media/nvme7n1/lniederberger/models/GLaMoR/GLaMoR-DataPipeline/data/ont_modules/University81_www_Department6_University81_edu.owl,13,12,25
/media/nvme7n1/lniederberger/models/GLaMoR/GLaMoR-DataPipeline/data/ont_modules/University81_www_Department7_University81_edu.owl,13,12,25
/media/nvme7n1/lniederberger/models/GLaMoR/GLaMoR-DataPipeline/data/ont_modules/University81_www_Department8_University81_edu.owl,13,12,25
/media/nvme7n1/lniederberger/models/GLaMoR/GLaMoR-DataPipeline/data/ont_modules/University81_www_Department9_University81_edu.owl,13,12,25
/media/nvme7n1/lniederberger/models/GLaMoR/GLaMoR-DataPipeline/data/ont_modules/University82_www_Department0_University82_edu.owl,13,12,25
/media/nvme7n1/lniederberger/models/GLaMoR/GLaMoR-DataPipeline/data/ont_modules/University82_www_Department10_University82_edu.owl,13,12,25
/media/nvme7n1/lniederberger/models/GLaMoR/GLaMoR-DataPipeline/data/ont_modules/University82_www_Department11_University82_edu.owl,13,12,25
/media/nvme7n1/lniederberger/models/GLaMoR/GLaMoR-DataPipeline/data/ont_modules/University82_www_Department12_University82_edu.owl,13,12,25
/media/nvme7n1/lniederberger/models/GLaMoR/GLaMoR-DataPipeline/data/ont_modules/University82_www_Department13_University82_edu.owl,13,12,25
/media/nvme7n1/lniederberger/models/GLaMoR/GLaMoR-DataPipeline/data/ont_modules/University82_www_Department14_University82_edu.owl,13,12,25
/media/nvme7n1/lniederberger/models/GLaMoR/GLaMoR-DataPipeline/data/ont_modules/University82_www_Department1_University82_edu.owl,13,12,25
/media/nvme7n1/lniederberger/models/GLaMoR/GLaMoR-DataPipeline/data/ont_modules/University82_www_Department2_University82_edu.owl,13,12,25
/media/nvme7n1/lniederberger/models/GLaMoR/GLaMoR-DataPipeline/data/ont_modules/University82_www_Department3_University82_edu.owl,13,12,25
/media/nvme7n1/lniederberger/models/GLaMoR/GLaMoR-DataPipeline/data/ont_modules/University82_www_Department4_University82_edu.owl,13,12,25
/media/nvme7n1/lniederberger/models/GLaMoR/GLaMoR-DataPipeline/data/ont_modules/University82_www_Department5_University82_edu.owl,13,12,25
/media/nvme7n1/lniederberger/models/GLaMoR/GLaMoR-DataPipeline/data/ont_modules/University82_www_Department6_University82_edu.owl,13,12,25
/media/nvme7n1/lniederberger/models/GLaMoR/GLaMoR-DataPipeline/data/ont_modules/University82_www_Department7_University82_edu.owl,13,12,25
/media/nvme7n1/lniederberger/models/GLaMoR/GLaMoR-DataPipeline/data/ont_modules/University82_www_Department8_University82_edu.owl,13,12,25
/media/nvme7n1/lniederberger/models/GLaMoR/GLaMoR-DataPipeline/data/ont_modules/University82_www_Department9_University82_edu.owl,13,12,25
/media/nvme7n1/lniederberger/models/GLaMoR/GLaMoR-DataPipeline/data/ont_modules/University83_www_Department0_University83_edu.owl,13,12,25
/media/nvme7n1/lniederberger/models/GLaMoR/GLaMoR-DataPipeline/data/ont_modules/University83_www_Department10_University83_edu.owl,13,12,25
/media/nvme7n1/lniederberger/models/GLaMoR/GLaMoR-DataPipeline/data/ont_modules/University83_www_Department11_University83_edu.owl,13,12,25
/media/nvme7n1/lniederberger/models/GLaMoR/GLaMoR-DataPipeline/data/ont_modules/University83_www_Department12_University83_edu.owl,13,12,25
/media/nvme7n1/lniederberger/models/GLaMoR/GLaMoR-DataPipeline/data/ont_modules/University83_www_Department13_University83_edu.owl,13,12,25
/media/nvme7n1/lniederberger/models/GLaMoR/GLaMoR-DataPipeline/data/ont_modules/University83_www_Department14_University83_edu.owl,13,12,25
/media/nvme7n1/lniederberger/models/GLaMoR/GLaMoR-DataPipeline/data/ont_modules/University83_www_Department15_University83_edu.owl,13,12,25
/media/nvme7n1/lniederberger/models/GLaMoR/GLaMoR-DataPipeline/data/ont_modules/University83_www_Department16_University83_edu.owl,13,12,25
/media/nvme7n1/lniederberger/models/GLaMoR/GLaMoR-DataPipeline/data/ont_modules/University83_www_Department17_University83_edu.owl,13,12,25
/media/nvme7n1/lniederberger/models/GLaMoR/GLaMoR-DataPipeline/data/ont_modules/University83_www_Department18_University83_edu.owl,13,12,25
/media/nvme7n1/lniederberger/models/GLaMoR/GLaMoR-DataPipeline/data/ont_modules/University83_www_Department1_University83_edu.owl,13,12,25
/media/nvme7n1/lniederberger/models/GLaMoR/GLaMoR-DataPipeline/data/ont_modules/University83_www_Department2_University83_edu.owl,13,12,25
/media/nvme7n1/lniederberger/models/GLaMoR/GLaMoR-DataPipeline/data/ont_modules/University83_www_Department3_University83_edu.owl,13,12,25
/media/nvme7n1/lniederberger/models/GLaMoR/GLaMoR-DataPipeline/data/ont_modules/University83_www_Department4_University83_edu.owl,13,12,25
/media/nvme7n1/lniederberger/models/GLaMoR/GLaMoR-DataPipeline/data/ont_modules/University83_www_Department5_University83_edu.owl,13,12,25
/media/nvme7n1/lniederberger/models/GLaMoR/GLaMoR-DataPipeline/data/ont_modules/University83_www_Department6_University83_edu.owl,13,12,25
/media/nvme7n1/lniederberger/models/GLaMoR/GLaMoR-DataPipeline/data/ont_modules/University83_www_Department7_University83_edu.owl,13,12,25
/media/nvme7n1/lniederberger/models/GLaMoR/GLaMoR-DataPipeline/data/ont_modules/University83_www_Department8_University83_edu.owl,13,12,25
/media/nvme7n1/lniederberger/models/GLaMoR/GLaMoR-DataPipeline/data/ont_modules/University83_www_Department9_University83_edu.owl,13,12,25
/media/nvme7n1/lniederberger/models/GLaMoR/GLaMoR-DataPipeline/data/ont_modules/University84_www_Department0_University84_edu.owl,13,12,25
/media/nvme7n1/lniederberger/models/GLaMoR/GLaMoR-DataPipeline/data/ont_modules/University84_www_Department10_University84_edu.owl,13,12,25
/media/nvme7n1/lniederberger/models/GLaMoR/GLaMoR-DataPipeline/data/ont_modules/University84_www_Department11_University84_edu.owl,13,12,25
/media/nvme7n1/lniederberger/models/GLaMoR/GLaMoR-DataPipeline/data/ont_modules/University84_www_Department12_University84_edu.owl,13,12,25
/media/nvme7n1/lniederberger/models/GLaMoR/GLaMoR-DataPipeline/data/ont_modules/University84_www_Department13_University84_edu.owl,13,12,25
/media/nvme7n1/lniederberger/models/GLaMoR/GLaMoR-DataPipeline/data/ont_modules/University84_www_Department14_University84_edu.owl,13,12,25
/media/nvme7n1/lniederberger/models/GLaMoR/GLaMoR-DataPipeline/data/ont_modules/University84_www_Department15_University84_edu.owl,13,12,25
/media/nvme7n1/lniederberger/models/GLaMoR/GLaMoR-DataPipeline/data/ont_modules/University84_www_Department16_University84_edu.owl,13,12,25
/media/nvme7n1/lniederberger/models/GLaMoR/GLaMoR-DataPipeline/data/ont_modules/University84_www_Department17_University84_edu.owl,13,12,25
/media/nvme7n1/lniederberger/models/GLaMoR/GLaMoR-DataPipeline/data/ont_modules/University84_www_Department18_University84_edu.owl,13,12,25
/media/nvme7n1/lniederberger/models/GLaMoR/GLaMoR-DataPipeline/data/ont_modules/University84_www_Department19_University84_edu.owl,13,12,25
/media/nvme7n1/lniederberger/models/GLaMoR/GLaMoR-DataPipeline/data/ont_modules/University84_www_Department1_University84_edu.owl,13,12,25
/media/nvme7n1/lniederberger/models/GLaMoR/GLaMoR-DataPipeline/data/ont_modules/University84_www_Department2_University84_edu.owl,13,12,25
/media/nvme7n1/lniederberger/models/GLaMoR/GLaMoR-DataPipeline/data/ont_modules/University84_www_Department3_University84_edu.owl,13,12,25
/media/nvme7n1/lniederberger/models/GLaMoR/GLaMoR-DataPipeline/data/ont_modules/University84_www_Department4_University84_edu.owl,13,12,25
/media/nvme7n1/lniederberger/models/GLaMoR/GLaMoR-DataPipeline/data/ont_modules/University84_www_Department5_University84_edu.owl,13,12,25
/media/nvme7n1/lniederberger/models/GLaMoR/GLaMoR-DataPipeline/data/ont_modules/University84_www_Department6_University84_edu.owl,13,12,25
/media/nvme7n1/lniederberger/models/GLaMoR/GLaMoR-DataPipeline/data/ont_modules/University84_www_Department7_University84_edu.owl,13,12,25
/media/nvme7n1/lniederberger/models/GLaMoR/GLaMoR-DataPipeline/data/ont_modules/University84_www_Department8_University84_edu.owl,13,12,25
/media/nvme7n1/lniederberger/models/GLaMoR/GLaMoR-DataPipeline/data/ont_modules/University84_www_Department9_University84_edu.owl,13,12,25
/media/nvme7n1/lniederberger/models/GLaMoR/GLaMoR-DataPipeline/data/ont_modules/University85_www_Department0_University85_edu.owl,13,12,25
/media/nvme7n1/lniederberger/models/GLaMoR/GLaMoR-DataPipeline/data/ont_modules/University85_www_Department10_University85_edu.owl,13,12,25
/media/nvme7n1/lniederberger/models/GLaMoR/GLaMoR-DataPipeline/data/ont_modules/University85_www_Department11_University85_edu.owl,13,12,25
/media/nvme7n1/lniederberger/models/GLaMoR/GLaMoR-DataPipeline/data/ont_modules/University85_www_Department12_University85_edu.owl,13,12,25
/media/nvme7n1/lniederberger/models/GLaMoR/GLaMoR-DataPipeline/data/ont_modules/University85_www_Department13_University85_edu.owl,13,12,25
/media/nvme7n1/lniederberger/models/GLaMoR/GLaMoR-DataPipeline/data/ont_modules/University85_www_Department14_University85_edu.owl,13,12,25
/media/nvme7n1/lniederberger/models/GLaMoR/GLaMoR-DataPipeline/data/ont_modules/University85_www_Department15_University85_edu.owl,13,12,25
/media/nvme7n1/lniederberger/models/GLaMoR/GLaMoR-DataPipeline/data/ont_modules/University85_www_Department16_University85_edu.owl,13,12,25
/media/nvme7n1/lniederberger/models/GLaMoR/GLaMoR-DataPipeline/data/ont_modules/University85_www_Department17_University85_edu.owl,13,12,25
/media/nvme7n1/lniederberger/models/GLaMoR/GLaMoR-DataPipeline/data/ont_modules/University85_www_Department18_University85_edu.owl,13,12,25
/media/nvme7n1/lniederberger/models/GLaMoR/GLaMoR-DataPipeline/data/ont_modules/University85_www_Department19_University85_edu.owl,13,12,25
/media/nvme7n1/lniederberger/models/GLaMoR/GLaMoR-DataPipeline/data/ont_modules/University85_www_Department1_University85_edu.owl,13,12,25
/media/nvme7n1/lniederberger/models/GLaMoR/GLaMoR-DataPipeline/data/ont_modules/University85_www_Department20_University85_edu.owl,13,12,25
/media/nvme7n1/lniederberger/models/GLaMoR/GLaMoR-DataPipeline/data/ont_modules/University85_www_Department21_University85_edu.owl,13,12,25
/media/nvme7n1/lniederberger/models/GLaMoR/GLaMoR-DataPipeline/data/ont_modules/University85_www_Department22_University85_edu.owl,13,12,25
/media/nvme7n1/lniederberger/models/GLaMoR/GLaMoR-DataPipeline/data/ont_modules/University85_www_Department23_University85_edu.owl,13,12,25
/media/nvme7n1/lniederberger/models/GLaMoR/GLaMoR-DataPipeline/data/ont_modules/University85_www_Department24_University85_edu.owl,13,12,25
/media/nvme7n1/lniederberger/models/GLaMoR/GLaMoR-DataPipeline/data/ont_modules/University85_www_Department2_University85_edu.owl,13,12,25
/media/nvme7n1/lniederberger/models/GLaMoR/GLaMoR-DataPipeline/data/ont_modules/University85_www_Department3_University85_edu.owl,13,12,25
/media/nvme7n1/lniederberger/models/GLaMoR/GLaMoR-DataPipeline/data/ont_modules/University85_www_Department4_University85_edu.owl,13,12,25
/media/nvme7n1/lniederberger/models/GLaMoR/GLaMoR-DataPipeline/data/ont_modules/University85_www_Department5_University85_edu.owl,13,12,25
/media/nvme7n1/lniederberger/models/GLaMoR/GLaMoR-DataPipeline/data/ont_modules/University85_www_Department6_University85_edu.owl,13,12,25
/media/nvme7n1/lniederberger/models/GLaMoR/GLaMoR-DataPipeline/data/ont_modules/University85_www_Department7_University85_edu.owl,13,12,25
/media/nvme7n1/lniederberger/models/GLaMoR/GLaMoR-DataPipeline/data/ont_modules/University85_www_Department8_University85_edu.owl,13,12,25
/media/nvme7n1/lniederberger/models/GLaMoR/GLaMoR-DataPipeline/data/ont_modules/University85_www_Department9_University85_edu.owl,13,12,25
/media/nvme7n1/lniederberger/models/GLaMoR/GLaMoR-DataPipeline/data/ont_modules/University86_www_Department0_University86_edu.owl,13,12,25
/media/nvme7n1/lniederberger/models/GLaMoR/GLaMoR-DataPipeline/data/ont_modules/University86_www_Department10_University86_edu.owl,13,12,25
/media/nvme7n1/lniederberger/models/GLaMoR/GLaMoR-DataPipeline/data/ont_modules/University86_www_Department11_University86_edu.owl,13,12,25
/media/nvme7n1/lniederberger/models/GLaMoR/GLaMoR-DataPipeline/data/ont_modules/University86_www_Department12_University86_edu.owl,13,12,25
/media/nvme7n1/lniederberger/models/GLaMoR/GLaMoR-DataPipeline/data/ont_modules/University86_www_Department13_University86_edu.owl,13,12,25
/media/nvme7n1/lniederberger/models/GLaMoR/GLaMoR-DataPipeline/data/ont_modules/University86_www_Department14_University86_edu.owl,13,12,25
/media/nvme7n1/lniederberger/models/GLaMoR/GLaMoR-DataPipeline/data/ont_modules/University86_www_Department15_University86_edu.owl,13,12,25
/media/nvme7n1/lniederberger/models/GLaMoR/GLaMoR-DataPipeline/data/ont_modules/University86_www_Department16_University86_edu.owl,13,12,25
/media/nvme7n1/lniederberger/models/GLaMoR/GLaMoR-DataPipeline/data/ont_modules/University86_www_Department17_University86_edu.owl,13,12,25
/media/nvme7n1/lniederberger/models/GLaMoR/GLaMoR-DataPipeline/data/ont_modules/University86_www_Department18_University86_edu.owl,13,12,25
/media/nvme7n1/lniederberger/models/GLaMoR/GLaMoR-DataPipeline/data/ont_modules/University86_www_Department19_University86_edu.owl,13,12,25
/media/nvme7n1/lniederberger/models/GLaMoR/GLaMoR-DataPipeline/data/ont_modules/University86_www_Department1_University86_edu.owl,13,12,25
/media/nvme7n1/lniederberger/models/GLaMoR/GLaMoR-DataPipeline/data/ont_modules/University86_www_Department20_University86_edu.owl,13,12,25
/media/nvme7n1/lniederberger/models/GLaMoR/GLaMoR-DataPipeline/data/ont_modules/University86_www_Department21_University86_edu.owl,13,12,25
/media/nvme7n1/lniederberger/models/GLaMoR/GLaMoR-DataPipeline/data/ont_modules/University86_www_Department2_University86_edu.owl,13,12,25
/media/nvme7n1/lniederberger/models/GLaMoR/GLaMoR-DataPipeline/data/ont_modules/University86_www_Department3_University86_edu.owl,13,12,25
/media/nvme7n1/lniederberger/models/GLaMoR/GLaMoR-DataPipeline/data/ont_modules/University86_www_Department4_University86_edu.owl,13,12,25
/media/nvme7n1/lniederberger/models/GLaMoR/GLaMoR-DataPipeline/data/ont_modules/University86_www_Department5_University86_edu.owl,13,12,25
/media/nvme7n1/lniederberger/models/GLaMoR/GLaMoR-DataPipeline/data/ont_modules/University86_www_Department6_University86_edu.owl,13,12,25
/media/nvme7n1/lniederberger/models/GLaMoR/GLaMoR-DataPipeline/data/ont_modules/University86_www_Department7_University86_edu.owl,13,12,25
/media/nvme7n1/lniederberger/models/GLaMoR/GLaMoR-DataPipeline/data/ont_modules/University86_www_Department8_University86_edu.owl,13,12,25
/media/nvme7n1/lniederberger/models/GLaMoR/GLaMoR-DataPipeline/data/ont_modules/University86_www_Department9_University86_edu.owl,13,12,25
/media/nvme7n1/lniederberger/models/GLaMoR/GLaMoR-DataPipeline/data/ont_modules/University87_www_Department0_University87_edu.owl,13,12,25
/media/nvme7n1/lniederberger/models/GLaMoR/GLaMoR-DataPipeline/data/ont_modules/University87_www_Department10_University87_edu.owl,13,12,25
/media/nvme7n1/lniederberger/models/GLaMoR/GLaMoR-DataPipeline/data/ont_modules/University87_www_Department11_University87_edu.owl,13,12,25
/media/nvme7n1/lniederberger/models/GLaMoR/GLaMoR-DataPipeline/data/ont_modules/University87_www_Department12_University87_edu.owl,13,12,25
/media/nvme7n1/lniederberger/models/GLaMoR/GLaMoR-DataPipeline/data/ont_modules/University87_www_Department13_University87_edu.owl,13,12,25
/media/nvme7n1/lniederberger/models/GLaMoR/GLaMoR-DataPipeline/data/ont_modules/University87_www_Department14_University87_edu.owl,13,12,25
/media/nvme7n1/lniederberger/models/GLaMoR/GLaMoR-DataPipeline/data/ont_modules/University87_www_Department15_University87_edu.owl,13,12,25
/media/nvme7n1/lniederberger/models/GLaMoR/GLaMoR-DataPipeline/data/ont_modules/University87_www_Department1_University87_edu.owl,13,12,25
/media/nvme7n1/lniederberger/models/GLaMoR/GLaMoR-DataPipeline/data/ont_modules/University87_www_Department2_University87_edu.owl,13,12,25
/media/nvme7n1/lniederberger/models/GLaMoR/GLaMoR-DataPipeline/data/ont_modules/University87_www_Department3_University87_edu.owl,13,12,25
/media/nvme7n1/lniederberger/models/GLaMoR/GLaMoR-DataPipeline/data/ont_modules/University87_www_Department4_University87_edu.owl,13,12,25
/media/nvme7n1/lniederberger/models/GLaMoR/GLaMoR-DataPipeline/data/ont_modules/University87_www_Department5_University87_edu.owl,13,12,25
/media/nvme7n1/lniederberger/models/GLaMoR/GLaMoR-DataPipeline/data/ont_modules/University87_www_Department6_University87_edu.owl,13,12,25
/media/nvme7n1/lniederberger/models/GLaMoR/GLaMoR-DataPipeline/data/ont_modules/University87_www_Department7_University87_edu.owl,13,12,25
/media/nvme7n1/lniederberger/models/GLaMoR/GLaMoR-DataPipeline/data/ont_modules/University87_www_Department8_University87_edu.owl,13,12,25
/media/nvme7n1/lniederberger/models/GLaMoR/GLaMoR-DataPipeline/data/ont_modules/University87_www_Department9_University87_edu.owl,13,12,25
/media/nvme7n1/lniederberger/models/GLaMoR/GLaMoR-DataPipeline/data/ont_modules/University88_www_Department0_University88_edu.owl,13,12,25
/media/nvme7n1/lniederberger/models/GLaMoR/GLaMoR-DataPipeline/data/ont_modules/University88_www_Department10_University88_edu.owl,13,12,25
/media/nvme7n1/lniederberger/models/GLaMoR/GLaMoR-DataPipeline/data/ont_modules/University88_www_Department11_University88_edu.owl,13,12,25
/media/nvme7n1/lniederberger/models/GLaMoR/GLaMoR-DataPipeline/data/ont_modules/University88_www_Department12_University88_edu.owl,13,12,25
/media/nvme7n1/lniederberger/models/GLaMoR/GLaMoR-DataPipeline/data/ont_modules/University88_www_Department13_University88_edu.owl,13,12,25
/media/nvme7n1/lniederberger/models/GLaMoR/GLaMoR-DataPipeline/data/ont_modules/University88_www_Department14_University88_edu.owl,13,12,25
/media/nvme7n1/lniederberger/models/GLaMoR/GLaMoR-DataPipeline/data/ont_modules/University88_www_Department15_University88_edu.owl,13,12,25
/media/nvme7n1/lniederberger/models/GLaMoR/GLaMoR-DataPipeline/data/ont_modules/University88_www_Department1_University88_edu.owl,13,12,25
/media/nvme7n1/lniederberger/models/GLaMoR/GLaMoR-DataPipeline/data/ont_modules/University88_www_Department2_University88_edu.owl,13,12,25
/media/nvme7n1/lniederberger/models/GLaMoR/GLaMoR-DataPipeline/data/ont_modules/University88_www_Department3_University88_edu.owl,13,12,25
/media/nvme7n1/lniederberger/models/GLaMoR/GLaMoR-DataPipeline/data/ont_modules/University88_www_Department4_University88_edu.owl,13,12,25
/media/nvme7n1/lniederberger/models/GLaMoR/GLaMoR-DataPipeline/data/ont_modules/University88_www_Department5_University88_edu.owl,13,12,25
/media/nvme7n1/lniederberger/models/GLaMoR/GLaMoR-DataPipeline/data/ont_modules/University88_www_Department6_University88_edu.owl,13,12,25
/media/nvme7n1/lniederberger/models/GLaMoR/GLaMoR-DataPipeline/data/ont_modules/University88_www_Department7_University88_edu.owl,13,12,25
/media/nvme7n1/lniederberger/models/GLaMoR/GLaMoR-DataPipeline/data/ont_modules/University88_www_Department8_University88_edu.owl,13,12,25
/media/nvme7n1/lniederberger/models/GLaMoR/GLaMoR-DataPipeline/data/ont_modules/University88_www_Department9_University88_edu.owl,13,12,25
/media/nvme7n1/lniederberger/models/GLaMoR/GLaMoR-DataPipeline/data/ont_modules/University89_www_Department0_University89_edu.owl,13,12,25
/media/nvme7n1/lniederberger/models/GLaMoR/GLaMoR-DataPipeline/data/ont_modules/University89_www_Department10_University89_edu.owl,13,12,25
/media/nvme7n1/lniederberger/models/GLaMoR/GLaMoR-DataPipeline/data/ont_modules/University89_www_Department11_University89_edu.owl,13,12,25
/media/nvme7n1/lniederberger/models/GLaMoR/GLaMoR-DataPipeline/data/ont_modules/University89_www_Department12_University89_edu.owl,13,12,25
/media/nvme7n1/lniederberger/models/GLaMoR/GLaMoR-DataPipeline/data/ont_modules/University89_www_Department13_University89_edu.owl,13,12,25
/media/nvme7n1/lniederberger/models/GLaMoR/GLaMoR-DataPipeline/data/ont_modules/University89_www_Department14_University89_edu.owl,13,12,25
/media/nvme7n1/lniederberger/models/GLaMoR/GLaMoR-DataPipeline/data/ont_modules/University89_www_Department15_University89_edu.owl,13,12,25
/media/nvme7n1/lniederberger/models/GLaMoR/GLaMoR-DataPipeline/data/ont_modules/University89_www_Department16_University89_edu.owl,13,12,25
/media/nvme7n1/lniederberger/models/GLaMoR/GLaMoR-DataPipeline/data/ont_modules/University89_www_Department17_University89_edu.owl,13,12,25
/media/nvme7n1/lniederberger/models/GLaMoR/GLaMoR-DataPipeline/data/ont_modules/University89_www_Department18_University89_edu.owl,13,12,25
/media/nvme7n1/lniederberger/models/GLaMoR/GLaMoR-DataPipeline/data/ont_modules/University89_www_Department19_University89_edu.owl,13,12,25
/media/nvme7n1/lniederberger/models/GLaMoR/GLaMoR-DataPipeline/data/ont_modules/University89_www_Department1_University89_edu.owl,13,12,25
/media/nvme7n1/lniederberger/models/GLaMoR/GLaMoR-DataPipeline/data/ont_modules/University89_www_Department20_University89_edu.owl,13,12,25
/media/nvme7n1/lniederberger/models/GLaMoR/GLaMoR-DataPipeline/data/ont_modules/University89_www_Department2_University89_edu.owl,13,12,25
/media/nvme7n1/lniederberger/models/GLaMoR/GLaMoR-DataPipeline/data/ont_modules/University89_www_Department3_University89_edu.owl,13,12,25
/media/nvme7n1/lniederberger/models/GLaMoR/GLaMoR-DataPipeline/data/ont_modules/University89_www_Department4_University89_edu.owl,13,12,25
/media/nvme7n1/lniederberger/models/GLaMoR/GLaMoR-DataPipeline/data/ont_modules/University89_www_Department5_University89_edu.owl,13,12,25
/media/nvme7n1/lniederberger/models/GLaMoR/GLaMoR-DataPipeline/data/ont_modules/University89_www_Department6_University89_edu.owl,13,12,25
/media/nvme7n1/lniederberger/models/GLaMoR/GLaMoR-DataPipeline/data/ont_modules/University89_www_Department7_University89_edu.owl,13,12,25
/media/nvme7n1/lniederberger/models/GLaMoR/GLaMoR-DataPipeline/data/ont_modules/University89_www_Department8_University89_edu.owl,13,12,25
/media/nvme7n1/lniederberger/models/GLaMoR/GLaMoR-DataPipeline/data/ont_modules/University89_www_Department9_University89_edu.owl,13,12,25
/media/nvme7n1/lniederberger/models/GLaMoR/GLaMoR-DataPipeline/data/ont_modules/University8_www_Department0_University8_edu.owl,13,12,25
/media/nvme7n1/lniederberger/models/GLaMoR/GLaMoR-DataPipeline/data/ont_modules/University8_www_Department10_University8_edu.owl,13,12,25
/media/nvme7n1/lniederberger/models/GLaMoR/GLaMoR-DataPipeline/data/ont_modules/University8_www_Department11_University8_edu.owl,13,12,25
/media/nvme7n1/lniederberger/models/GLaMoR/GLaMoR-DataPipeline/data/ont_modules/University8_www_Department12_University8_edu.owl,13,12,25
/media/nvme7n1/lniederberger/models/GLaMoR/GLaMoR-DataPipeline/data/ont_modules/University8_www_Department13_University8_edu.owl,13,12,25
/media/nvme7n1/lniederberger/models/GLaMoR/GLaMoR-DataPipeline/data/ont_modules/University8_www_Department14_University8_edu.owl,13,12,25
/media/nvme7n1/lniederberger/models/GLaMoR/GLaMoR-DataPipeline/data/ont_modules/University8_www_Department15_University8_edu.owl,13,12,25
/media/nvme7n1/lniederberger/models/GLaMoR/GLaMoR-DataPipeline/data/ont_modules/University8_www_Department16_University8_edu.owl,13,12,25
/media/nvme7n1/lniederberger/models/GLaMoR/GLaMoR-DataPipeline/data/ont_modules/University8_www_Department17_University8_edu.owl,13,12,25
/media/nvme7n1/lniederberger/models/GLaMoR/GLaMoR-DataPipeline/data/ont_modules/University8_www_Department1_University8_edu.owl,13,12,25
/media/nvme7n1/lniederberger/models/GLaMoR/GLaMoR-DataPipeline/data/ont_modules/University8_www_Department2_University8_edu.owl,13,12,25
/media/nvme7n1/lniederberger/models/GLaMoR/GLaMoR-DataPipeline/data/ont_modules/University8_www_Department3_University8_edu.owl,13,12,25
/media/nvme7n1/lniederberger/models/GLaMoR/GLaMoR-DataPipeline/data/ont_modules/University8_www_Department4_University8_edu.owl,13,12,25
/media/nvme7n1/lniederberger/models/GLaMoR/GLaMoR-DataPipeline/data/ont_modules/University8_www_Department5_University8_edu.owl,13,12,25
/media/nvme7n1/lniederberger/models/GLaMoR/GLaMoR-DataPipeline/data/ont_modules/University8_www_Department6_University8_edu.owl,13,12,25
/media/nvme7n1/lniederberger/models/GLaMoR/GLaMoR-DataPipeline/data/ont_modules/University8_www_Department7_University8_edu.owl,13,12,25
/media/nvme7n1/lniederberger/models/GLaMoR/GLaMoR-DataPipeline/data/ont_modules/University8_www_Department8_University8_edu.owl,13,12,25
/media/nvme7n1/lniederberger/models/GLaMoR/GLaMoR-DataPipeline/data/ont_modules/University8_www_Department9_University8_edu.owl,13,12,25
/media/nvme7n1/lniederberger/models/GLaMoR/GLaMoR-DataPipeline/data/ont_modules/University90_www_Department0_University90_edu.owl,13,12,25
/media/nvme7n1/lniederberger/models/GLaMoR/GLaMoR-DataPipeline/data/ont_modules/University90_www_Department10_University90_edu.owl,13,12,25
/media/nvme7n1/lniederberger/models/GLaMoR/GLaMoR-DataPipeline/data/ont_modules/University90_www_Department11_University90_edu.owl,13,12,25
/media/nvme7n1/lniederberger/models/GLaMoR/GLaMoR-DataPipeline/data/ont_modules/University90_www_Department12_University90_edu.owl,13,12,25
/media/nvme7n1/lniederberger/models/GLaMoR/GLaMoR-DataPipeline/data/ont_modules/University90_www_Department13_University90_edu.owl,13,12,25
/media/nvme7n1/lniederberger/models/GLaMoR/GLaMoR-DataPipeline/data/ont_modules/University90_www_Department14_University90_edu.owl,13,12,25
/media/nvme7n1/lniederberger/models/GLaMoR/GLaMoR-DataPipeline/data/ont_modules/University90_www_Department15_University90_edu.owl,13,12,25
/media/nvme7n1/lniederberger/models/GLaMoR/GLaMoR-DataPipeline/data/ont_modules/University90_www_Department16_University90_edu.owl,13,12,25
/media/nvme7n1/lniederberger/models/GLaMoR/GLaMoR-DataPipeline/data/ont_modules/University90_www_Department17_University90_edu.owl,13,12,25
/media/nvme7n1/lniederberger/models/GLaMoR/GLaMoR-DataPipeline/data/ont_modules/University90_www_Department1_University90_edu.owl,13,12,25
/media/nvme7n1/lniederberger/models/GLaMoR/GLaMoR-DataPipeline/data/ont_modules/University90_www_Department2_University90_edu.owl,13,12,25
/media/nvme7n1/lniederberger/models/GLaMoR/GLaMoR-DataPipeline/data/ont_modules/University90_www_Department3_University90_edu.owl,13,12,25
/media/nvme7n1/lniederberger/models/GLaMoR/GLaMoR-DataPipeline/data/ont_modules/University90_www_Department4_University90_edu.owl,13,12,25
/media/nvme7n1/lniederberger/models/GLaMoR/GLaMoR-DataPipeline/data/ont_modules/University90_www_Department5_University90_edu.owl,13,12,25
/media/nvme7n1/lniederberger/models/GLaMoR/GLaMoR-DataPipeline/data/ont_modules/University90_www_Department6_University90_edu.owl,13,12,25
/media/nvme7n1/lniederberger/models/GLaMoR/GLaMoR-DataPipeline/data/ont_modules/University90_www_Department7_University90_edu.owl,13,12,25
/media/nvme7n1/lniederberger/models/GLaMoR/GLaMoR-DataPipeline/data/ont_modules/University90_www_Department8_University90_edu.owl,13,12,25
/media/nvme7n1/lniederberger/models/GLaMoR/GLaMoR-DataPipeline/data/ont_modules/University90_www_Department9_University90_edu.owl,13,12,25
/media/nvme7n1/lniederberger/models/GLaMoR/GLaMoR-DataPipeline/data/ont_modules/University91_www_Department0_University91_edu.owl,13,12,25
/media/nvme7n1/lniederberger/models/GLaMoR/GLaMoR-DataPipeline/data/ont_modules/University91_www_Department10_University91_edu.owl,13,12,25
/media/nvme7n1/lniederberger/models/GLaMoR/GLaMoR-DataPipeline/data/ont_modules/University91_www_Department11_University91_edu.owl,13,12,25
/media/nvme7n1/lniederberger/models/GLaMoR/GLaMoR-DataPipeline/data/ont_modules/University91_www_Department12_University91_edu.owl,13,12,25
/media/nvme7n1/lniederberger/models/GLaMoR/GLaMoR-DataPipeline/data/ont_modules/University91_www_Department13_University91_edu.owl,13,12,25
/media/nvme7n1/lniederberger/models/GLaMoR/GLaMoR-DataPipeline/data/ont_modules/University91_www_Department14_University91_edu.owl,13,12,25
/media/nvme7n1/lniederberger/models/GLaMoR/GLaMoR-DataPipeline/data/ont_modules/University91_www_Department15_University91_edu.owl,13,12,25
/media/nvme7n1/lniederberger/models/GLaMoR/GLaMoR-DataPipeline/data/ont_modules/University91_www_Department16_University91_edu.owl,13,12,25
/media/nvme7n1/lniederberger/models/GLaMoR/GLaMoR-DataPipeline/data/ont_modules/University91_www_Department17_University91_edu.owl,13,12,25
/media/nvme7n1/lniederberger/models/GLaMoR/GLaMoR-DataPipeline/data/ont_modules/University91_www_Department18_University91_edu.owl,13,12,25
/media/nvme7n1/lniederberger/models/GLaMoR/GLaMoR-DataPipeline/data/ont_modules/University91_www_Department19_University91_edu.owl,13,12,25
/media/nvme7n1/lniederberger/models/GLaMoR/GLaMoR-DataPipeline/data/ont_modules/University91_www_Department1_University91_edu.owl,13,12,25
/media/nvme7n1/lniederberger/models/GLaMoR/GLaMoR-DataPipeline/data/ont_modules/University91_www_Department20_University91_edu.owl,13,12,25
/media/nvme7n1/lniederberger/models/GLaMoR/GLaMoR-DataPipeline/data/ont_modules/University91_www_Department21_University91_edu.owl,13,12,25
/media/nvme7n1/lniederberger/models/GLaMoR/GLaMoR-DataPipeline/data/ont_modules/University91_www_Department22_University91_edu.owl,13,12,25
/media/nvme7n1/lniederberger/models/GLaMoR/GLaMoR-DataPipeline/data/ont_modules/University91_www_Department2_University91_edu.owl,13,12,25
/media/nvme7n1/lniederberger/models/GLaMoR/GLaMoR-DataPipeline/data/ont_modules/University91_www_Department3_University91_edu.owl,13,12,25
/media/nvme7n1/lniederberger/models/GLaMoR/GLaMoR-DataPipeline/data/ont_modules/University91_www_Department4_University91_edu.owl,13,12,25
/media/nvme7n1/lniederberger/models/GLaMoR/GLaMoR-DataPipeline/data/ont_modules/University91_www_Department5_University91_edu.owl,13,12,25
/media/nvme7n1/lniederberger/models/GLaMoR/GLaMoR-DataPipeline/data/ont_modules/University91_www_Department6_University91_edu.owl,13,12,25
/media/nvme7n1/lniederberger/models/GLaMoR/GLaMoR-DataPipeline/data/ont_modules/University91_www_Department7_University91_edu.owl,13,12,25
/media/nvme7n1/lniederberger/models/GLaMoR/GLaMoR-DataPipeline/data/ont_modules/University91_www_Department8_University91_edu.owl,13,12,25
/media/nvme7n1/lniederberger/models/GLaMoR/GLaMoR-DataPipeline/data/ont_modules/University91_www_Department9_University91_edu.owl,13,12,25
/media/nvme7n1/lniederberger/models/GLaMoR/GLaMoR-DataPipeline/data/ont_modules/University92_www_Department0_University92_edu.owl,13,12,25
/media/nvme7n1/lniederberger/models/GLaMoR/GLaMoR-DataPipeline/data/ont_modules/University92_www_Department10_University92_edu.owl,13,12,25
/media/nvme7n1/lniederberger/models/GLaMoR/GLaMoR-DataPipeline/data/ont_modules/University92_www_Department11_University92_edu.owl,13,12,25
/media/nvme7n1/lniederberger/models/GLaMoR/GLaMoR-DataPipeline/data/ont_modules/University92_www_Department12_University92_edu.owl,13,12,25
/media/nvme7n1/lniederberger/models/GLaMoR/GLaMoR-DataPipeline/data/ont_modules/University92_www_Department13_University92_edu.owl,13,12,25
/media/nvme7n1/lniederberger/models/GLaMoR/GLaMoR-DataPipeline/data/ont_modules/University92_www_Department14_University92_edu.owl,13,12,25
/media/nvme7n1/lniederberger/models/GLaMoR/GLaMoR-DataPipeline/data/ont_modules/University92_www_Department15_University92_edu.owl,13,12,25
/media/nvme7n1/lniederberger/models/GLaMoR/GLaMoR-DataPipeline/data/ont_modules/University92_www_Department16_University92_edu.owl,13,12,25
/media/nvme7n1/lniederberger/models/GLaMoR/GLaMoR-DataPipeline/data/ont_modules/University92_www_Department17_University92_edu.owl,13,12,25
/media/nvme7n1/lniederberger/models/GLaMoR/GLaMoR-DataPipeline/data/ont_modules/University92_www_Department18_University92_edu.owl,13,12,25
/media/nvme7n1/lniederberger/models/GLaMoR/GLaMoR-DataPipeline/data/ont_modules/University92_www_Department19_University92_edu.owl,13,12,25
/media/nvme7n1/lniederberger/models/GLaMoR/GLaMoR-DataPipeline/data/ont_modules/University92_www_Department1_University92_edu.owl,13,12,25
/media/nvme7n1/lniederberger/models/GLaMoR/GLaMoR-DataPipeline/data/ont_modules/University92_www_Department20_University92_edu.owl,13,12,25
/media/nvme7n1/lniederberger/models/GLaMoR/GLaMoR-DataPipeline/data/ont_modules/University92_www_Department21_University92_edu.owl,13,12,25
/media/nvme7n1/lniederberger/models/GLaMoR/GLaMoR-DataPipeline/data/ont_modules/University92_www_Department22_University92_edu.owl,13,12,25
/media/nvme7n1/lniederberger/models/GLaMoR/GLaMoR-DataPipeline/data/ont_modules/University92_www_Department23_University92_edu.owl,13,12,25
/media/nvme7n1/lniederberger/models/GLaMoR/GLaMoR-DataPipeline/data/ont_modules/University92_www_Department2_University92_edu.owl,13,12,25
/media/nvme7n1/lniederberger/models/GLaMoR/GLaMoR-DataPipeline/data/ont_modules/University92_www_Department3_University92_edu.owl,13,12,25
/media/nvme7n1/lniederberger/models/GLaMoR/GLaMoR-DataPipeline/data/ont_modules/University92_www_Department4_University92_edu.owl,13,12,25
/media/nvme7n1/lniederberger/models/GLaMoR/GLaMoR-DataPipeline/data/ont_modules/University92_www_Department5_University92_edu.owl,13,12,25
/media/nvme7n1/lniederberger/models/GLaMoR/GLaMoR-DataPipeline/data/ont_modules/University92_www_Department6_University92_edu.owl,13,12,25
/media/nvme7n1/lniederberger/models/GLaMoR/GLaMoR-DataPipeline/data/ont_modules/University92_www_Department7_University92_edu.owl,13,12,25
/media/nvme7n1/lniederberger/models/GLaMoR/GLaMoR-DataPipeline/data/ont_modules/University92_www_Department8_University92_edu.owl,13,12,25
/media/nvme7n1/lniederberger/models/GLaMoR/GLaMoR-DataPipeline/data/ont_modules/University92_www_Department9_University92_edu.owl,13,12,25
/media/nvme7n1/lniederberger/models/GLaMoR/GLaMoR-DataPipeline/data/ont_modules/University93_www_Department0_University93_edu.owl,13,12,25
/media/nvme7n1/lniederberger/models/GLaMoR/GLaMoR-DataPipeline/data/ont_modules/University93_www_Department10_University93_edu.owl,13,12,25
/media/nvme7n1/lniederberger/models/GLaMoR/GLaMoR-DataPipeline/data/ont_modules/University93_www_Department11_University93_edu.owl,13,12,25
/media/nvme7n1/lniederberger/models/GLaMoR/GLaMoR-DataPipeline/data/ont_modules/University93_www_Department12_University93_edu.owl,13,12,25
/media/nvme7n1/lniederberger/models/GLaMoR/GLaMoR-DataPipeline/data/ont_modules/University93_www_Department13_University93_edu.owl,13,12,25
/media/nvme7n1/lniederberger/models/GLaMoR/GLaMoR-DataPipeline/data/ont_modules/University93_www_Department14_University93_edu.owl,13,12,25
/media/nvme7n1/lniederberger/models/GLaMoR/GLaMoR-DataPipeline/data/ont_modules/University93_www_Department15_University93_edu.owl,13,12,25
/media/nvme7n1/lniederberger/models/GLaMoR/GLaMoR-DataPipeline/data/ont_modules/University93_www_Department16_University93_edu.owl,13,12,25
/media/nvme7n1/lniederberger/models/GLaMoR/GLaMoR-DataPipeline/data/ont_modules/University93_www_Department1_University93_edu.owl,13,12,25
/media/nvme7n1/lniederberger/models/GLaMoR/GLaMoR-DataPipeline/data/ont_modules/University93_www_Department2_University93_edu.owl,13,12,25
/media/nvme7n1/lniederberger/models/GLaMoR/GLaMoR-DataPipeline/data/ont_modules/University93_www_Department3_University93_edu.owl,13,12,25
/media/nvme7n1/lniederberger/models/GLaMoR/GLaMoR-DataPipeline/data/ont_modules/University93_www_Department4_University93_edu.owl,13,12,25
/media/nvme7n1/lniederberger/models/GLaMoR/GLaMoR-DataPipeline/data/ont_modules/University93_www_Department5_University93_edu.owl,13,12,25
/media/nvme7n1/lniederberger/models/GLaMoR/GLaMoR-DataPipeline/data/ont_modules/University93_www_Department6_University93_edu.owl,13,12,25
/media/nvme7n1/lniederberger/models/GLaMoR/GLaMoR-DataPipeline/data/ont_modules/University93_www_Department7_University93_edu.owl,13,12,25
/media/nvme7n1/lniederberger/models/GLaMoR/GLaMoR-DataPipeline/data/ont_modules/University93_www_Department8_University93_edu.owl,13,12,25
/media/nvme7n1/lniederberger/models/GLaMoR/GLaMoR-DataPipeline/data/ont_modules/University93_www_Department9_University93_edu.owl,13,12,25
/media/nvme7n1/lniederberger/models/GLaMoR/GLaMoR-DataPipeline/data/ont_modules/University94_www_Department0_University94_edu.owl,13,12,25
/media/nvme7n1/lniederberger/models/GLaMoR/GLaMoR-DataPipeline/data/ont_modules/University94_www_Department10_University94_edu.owl,13,12,25
/media/nvme7n1/lniederberger/models/GLaMoR/GLaMoR-DataPipeline/data/ont_modules/University94_www_Department11_University94_edu.owl,13,12,25
/media/nvme7n1/lniederberger/models/GLaMoR/GLaMoR-DataPipeline/data/ont_modules/University94_www_Department12_University94_edu.owl,13,12,25
/media/nvme7n1/lniederberger/models/GLaMoR/GLaMoR-DataPipeline/data/ont_modules/University94_www_Department13_University94_edu.owl,13,12,25
/media/nvme7n1/lniederberger/models/GLaMoR/GLaMoR-DataPipeline/data/ont_modules/University94_www_Department14_University94_edu.owl,13,12,25
/media/nvme7n1/lniederberger/models/GLaMoR/GLaMoR-DataPipeline/data/ont_modules/University94_www_Department15_University94_edu.owl,13,12,25
/media/nvme7n1/lniederberger/models/GLaMoR/GLaMoR-DataPipeline/data/ont_modules/University94_www_Department16_University94_edu.owl,13,12,25
/media/nvme7n1/lniederberger/models/GLaMoR/GLaMoR-DataPipeline/data/ont_modules/University94_www_Department17_University94_edu.owl,13,12,25
/media/nvme7n1/lniederberger/models/GLaMoR/GLaMoR-DataPipeline/data/ont_modules/University94_www_Department18_University94_edu.owl,13,12,25
/media/nvme7n1/lniederberger/models/GLaMoR/GLaMoR-DataPipeline/data/ont_modules/University94_www_Department19_University94_edu.owl,13,12,25
/media/nvme7n1/lniederberger/models/GLaMoR/GLaMoR-DataPipeline/data/ont_modules/University94_www_Department1_University94_edu.owl,13,12,25
/media/nvme7n1/lniederberger/models/GLaMoR/GLaMoR-DataPipeline/data/ont_modules/University94_www_Department20_University94_edu.owl,13,12,25
/media/nvme7n1/lniederberger/models/GLaMoR/GLaMoR-DataPipeline/data/ont_modules/University94_www_Department21_University94_edu.owl,13,12,25
/media/nvme7n1/lniederberger/models/GLaMoR/GLaMoR-DataPipeline/data/ont_modules/University94_www_Department22_University94_edu.owl,13,12,25
/media/nvme7n1/lniederberger/models/GLaMoR/GLaMoR-DataPipeline/data/ont_modules/University94_www_Department23_University94_edu.owl,13,12,25
/media/nvme7n1/lniederberger/models/GLaMoR/GLaMoR-DataPipeline/data/ont_modules/University94_www_Department24_University94_edu.owl,13,12,25
/media/nvme7n1/lniederberger/models/GLaMoR/GLaMoR-DataPipeline/data/ont_modules/University94_www_Department2_University94_edu.owl,13,12,25
/media/nvme7n1/lniederberger/models/GLaMoR/GLaMoR-DataPipeline/data/ont_modules/University94_www_Department3_University94_edu.owl,13,12,25
/media/nvme7n1/lniederberger/models/GLaMoR/GLaMoR-DataPipeline/data/ont_modules/University94_www_Department4_University94_edu.owl,13,12,25
/media/nvme7n1/lniederberger/models/GLaMoR/GLaMoR-DataPipeline/data/ont_modules/University94_www_Department5_University94_edu.owl,13,12,25
/media/nvme7n1/lniederberger/models/GLaMoR/GLaMoR-DataPipeline/data/ont_modules/University94_www_Department6_University94_edu.owl,13,12,25
/media/nvme7n1/lniederberger/models/GLaMoR/GLaMoR-DataPipeline/data/ont_modules/University94_www_Department7_University94_edu.owl,13,12,25
/media/nvme7n1/lniederberger/models/GLaMoR/GLaMoR-DataPipeline/data/ont_modules/University94_www_Department8_University94_edu.owl,13,12,25
/media/nvme7n1/lniederberger/models/GLaMoR/GLaMoR-DataPipeline/data/ont_modules/University94_www_Department9_University94_edu.owl,13,12,25
/media/nvme7n1/lniederberger/models/GLaMoR/GLaMoR-DataPipeline/data/ont_modules/University95_www_Department0_University95_edu.owl,13,12,25
/media/nvme7n1/lniederberger/models/GLaMoR/GLaMoR-DataPipeline/data/ont_modules/University95_www_Department10_University95_edu.owl,13,12,25
/media/nvme7n1/lniederberger/models/GLaMoR/GLaMoR-DataPipeline/data/ont_modules/University95_www_Department11_University95_edu.owl,13,12,25
/media/nvme7n1/lniederberger/models/GLaMoR/GLaMoR-DataPipeline/data/ont_modules/University95_www_Department12_University95_edu.owl,13,12,25
/media/nvme7n1/lniederberger/models/GLaMoR/GLaMoR-DataPipeline/data/ont_modules/University95_www_Department13_University95_edu.owl,13,12,25
/media/nvme7n1/lniederberger/models/GLaMoR/GLaMoR-DataPipeline/data/ont_modules/University95_www_Department14_University95_edu.owl,13,12,25
/media/nvme7n1/lniederberger/models/GLaMoR/GLaMoR-DataPipeline/data/ont_modules/University95_www_Department15_University95_edu.owl,13,12,25
/media/nvme7n1/lniederberger/models/GLaMoR/GLaMoR-DataPipeline/data/ont_modules/University95_www_Department16_University95_edu.owl,13,12,25
/media/nvme7n1/lniederberger/models/GLaMoR/GLaMoR-DataPipeline/data/ont_modules/University95_www_Department17_University95_edu.owl,13,12,25
/media/nvme7n1/lniederberger/models/GLaMoR/GLaMoR-DataPipeline/data/ont_modules/University95_www_Department18_University95_edu.owl,13,12,25
/media/nvme7n1/lniederberger/models/GLaMoR/GLaMoR-DataPipeline/data/ont_modules/University95_www_Department1_University95_edu.owl,13,12,25
/media/nvme7n1/lniederberger/models/GLaMoR/GLaMoR-DataPipeline/data/ont_modules/University95_www_Department2_University95_edu.owl,13,12,25
/media/nvme7n1/lniederberger/models/GLaMoR/GLaMoR-DataPipeline/data/ont_modules/University95_www_Department3_University95_edu.owl,13,12,25
/media/nvme7n1/lniederberger/models/GLaMoR/GLaMoR-DataPipeline/data/ont_modules/University95_www_Department4_University95_edu.owl,13,12,25
/media/nvme7n1/lniederberger/models/GLaMoR/GLaMoR-DataPipeline/data/ont_modules/University95_www_Department5_University95_edu.owl,13,12,25
/media/nvme7n1/lniederberger/models/GLaMoR/GLaMoR-DataPipeline/data/ont_modules/University95_www_Department6_University95_edu.owl,13,12,25
/media/nvme7n1/lniederberger/models/GLaMoR/GLaMoR-DataPipeline/data/ont_modules/University95_www_Department7_University95_edu.owl,13,12,25
/media/nvme7n1/lniederberger/models/GLaMoR/GLaMoR-DataPipeline/data/ont_modules/University95_www_Department8_University95_edu.owl,13,12,25
/media/nvme7n1/lniederberger/models/GLaMoR/GLaMoR-DataPipeline/data/ont_modules/University95_www_Department9_University95_edu.owl,13,12,25
/media/nvme7n1/lniederberger/models/GLaMoR/GLaMoR-DataPipeline/data/ont_modules/University96_www_Department0_University96_edu.owl,13,12,25
/media/nvme7n1/lniederberger/models/GLaMoR/GLaMoR-DataPipeline/data/ont_modules/University96_www_Department10_University96_edu.owl,13,12,25
/media/nvme7n1/lniederberger/models/GLaMoR/GLaMoR-DataPipeline/data/ont_modules/University96_www_Department11_University96_edu.owl,13,12,25
/media/nvme7n1/lniederberger/models/GLaMoR/GLaMoR-DataPipeline/data/ont_modules/University96_www_Department12_University96_edu.owl,13,12,25
/media/nvme7n1/lniederberger/models/GLaMoR/GLaMoR-DataPipeline/data/ont_modules/University96_www_Department13_University96_edu.owl,13,12,25
/media/nvme7n1/lniederberger/models/GLaMoR/GLaMoR-DataPipeline/data/ont_modules/University96_www_Department14_University96_edu.owl,13,12,25
/media/nvme7n1/lniederberger/models/GLaMoR/GLaMoR-DataPipeline/data/ont_modules/University96_www_Department15_University96_edu.owl,13,12,25
/media/nvme7n1/lniederberger/models/GLaMoR/GLaMoR-DataPipeline/data/ont_modules/University96_www_Department16_University96_edu.owl,13,12,25
/media/nvme7n1/lniederberger/models/GLaMoR/GLaMoR-DataPipeline/data/ont_modules/University96_www_Department17_University96_edu.owl,13,12,25
/media/nvme7n1/lniederberger/models/GLaMoR/GLaMoR-DataPipeline/data/ont_modules/University96_www_Department18_University96_edu.owl,13,12,25
/media/nvme7n1/lniederberger/models/GLaMoR/GLaMoR-DataPipeline/data/ont_modules/University96_www_Department19_University96_edu.owl,13,12,25
/media/nvme7n1/lniederberger/models/GLaMoR/GLaMoR-DataPipeline/data/ont_modules/University96_www_Department1_University96_edu.owl,13,12,25
/media/nvme7n1/lniederberger/models/GLaMoR/GLaMoR-DataPipeline/data/ont_modules/University96_www_Department20_University96_edu.owl,13,12,25
/media/nvme7n1/lniederberger/models/GLaMoR/GLaMoR-DataPipeline/data/ont_modules/University96_www_Department21_University96_edu.owl,13,12,25
/media/nvme7n1/lniederberger/models/GLaMoR/GLaMoR-DataPipeline/data/ont_modules/University96_www_Department2_University96_edu.owl,13,12,25
/media/nvme7n1/lniederberger/models/GLaMoR/GLaMoR-DataPipeline/data/ont_modules/University96_www_Department3_University96_edu.owl,13,12,25
/media/nvme7n1/lniederberger/models/GLaMoR/GLaMoR-DataPipeline/data/ont_modules/University96_www_Department4_University96_edu.owl,13,12,25
/media/nvme7n1/lniederberger/models/GLaMoR/GLaMoR-DataPipeline/data/ont_modules/University96_www_Department5_University96_edu.owl,13,12,25
/media/nvme7n1/lniederberger/models/GLaMoR/GLaMoR-DataPipeline/data/ont_modules/University96_www_Department6_University96_edu.owl,13,12,25
/media/nvme7n1/lniederberger/models/GLaMoR/GLaMoR-DataPipeline/data/ont_modules/University96_www_Department7_University96_edu.owl,13,12,25
/media/nvme7n1/lniederberger/models/GLaMoR/GLaMoR-DataPipeline/data/ont_modules/University96_www_Department8_University96_edu.owl,13,12,25
/media/nvme7n1/lniederberger/models/GLaMoR/GLaMoR-DataPipeline/data/ont_modules/University96_www_Department9_University96_edu.owl,13,12,25
/media/nvme7n1/lniederberger/models/GLaMoR/GLaMoR-DataPipeline/data/ont_modules/University97_www_Department0_University97_edu.owl,13,12,25
/media/nvme7n1/lniederberger/models/GLaMoR/GLaMoR-DataPipeline/data/ont_modules/University97_www_Department10_University97_edu.owl,13,12,25
/media/nvme7n1/lniederberger/models/GLaMoR/GLaMoR-DataPipeline/data/ont_modules/University97_www_Department11_University97_edu.owl,13,12,25
/media/nvme7n1/lniederberger/models/GLaMoR/GLaMoR-DataPipeline/data/ont_modules/University97_www_Department12_University97_edu.owl,13,12,25
/media/nvme7n1/lniederberger/models/GLaMoR/GLaMoR-DataPipeline/data/ont_modules/University97_www_Department13_University97_edu.owl,13,12,25
/media/nvme7n1/lniederberger/models/GLaMoR/GLaMoR-DataPipeline/data/ont_modules/University97_www_Department14_University97_edu.owl,13,12,25
/media/nvme7n1/lniederberger/models/GLaMoR/GLaMoR-DataPipeline/data/ont_modules/University97_www_Department15_University97_edu.owl,13,12,25
/media/nvme7n1/lniederberger/models/GLaMoR/GLaMoR-DataPipeline/data/ont_modules/University97_www_Department1_University97_edu.owl,13,12,25
/media/nvme7n1/lniederberger/models/GLaMoR/GLaMoR-DataPipeline/data/ont_modules/University97_www_Department2_University97_edu.owl,13,12,25
/media/nvme7n1/lniederberger/models/GLaMoR/GLaMoR-DataPipeline/data/ont_modules/University97_www_Department3_University97_edu.owl,13,12,25
/media/nvme7n1/lniederberger/models/GLaMoR/GLaMoR-DataPipeline/data/ont_modules/University97_www_Department4_University97_edu.owl,13,12,25
/media/nvme7n1/lniederberger/models/GLaMoR/GLaMoR-DataPipeline/data/ont_modules/University97_www_Department5_University97_edu.owl,13,12,25
/media/nvme7n1/lniederberger/models/GLaMoR/GLaMoR-DataPipeline/data/ont_modules/University97_www_Department6_University97_edu.owl,13,12,25
/media/nvme7n1/lniederberger/models/GLaMoR/GLaMoR-DataPipeline/data/ont_modules/University97_www_Department7_University97_edu.owl,13,12,25
/media/nvme7n1/lniederberger/models/GLaMoR/GLaMoR-DataPipeline/data/ont_modules/University97_www_Department8_University97_edu.owl,13,12,25
/media/nvme7n1/lniederberger/models/GLaMoR/GLaMoR-DataPipeline/data/ont_modules/University97_www_Department9_University97_edu.owl,13,12,25
/media/nvme7n1/lniederberger/models/GLaMoR/GLaMoR-DataPipeline/data/ont_modules/University98_www_Department0_University98_edu.owl,13,12,25
/media/nvme7n1/lniederberger/models/GLaMoR/GLaMoR-DataPipeline/data/ont_modules/University98_www_Department10_University98_edu.owl,13,12,25
/media/nvme7n1/lniederberger/models/GLaMoR/GLaMoR-DataPipeline/data/ont_modules/University98_www_Department11_University98_edu.owl,13,12,25
/media/nvme7n1/lniederberger/models/GLaMoR/GLaMoR-DataPipeline/data/ont_modules/University98_www_Department12_University98_edu.owl,13,12,25
/media/nvme7n1/lniederberger/models/GLaMoR/GLaMoR-DataPipeline/data/ont_modules/University98_www_Department13_University98_edu.owl,13,12,25
/media/nvme7n1/lniederberger/models/GLaMoR/GLaMoR-DataPipeline/data/ont_modules/University98_www_Department14_University98_edu.owl,13,12,25
/media/nvme7n1/lniederberger/models/GLaMoR/GLaMoR-DataPipeline/data/ont_modules/University98_www_Department15_University98_edu.owl,13,12,25
/media/nvme7n1/lniederberger/models/GLaMoR/GLaMoR-DataPipeline/data/ont_modules/University98_www_Department16_University98_edu.owl,13,12,25
/media/nvme7n1/lniederberger/models/GLaMoR/GLaMoR-DataPipeline/data/ont_modules/University98_www_Department17_University98_edu.owl,13,12,25
/media/nvme7n1/lniederberger/models/GLaMoR/GLaMoR-DataPipeline/data/ont_modules/University98_www_Department18_University98_edu.owl,13,12,25
/media/nvme7n1/lniederberger/models/GLaMoR/GLaMoR-DataPipeline/data/ont_modules/University98_www_Department19_University98_edu.owl,13,12,25
/media/nvme7n1/lniederberger/models/GLaMoR/GLaMoR-DataPipeline/data/ont_modules/University98_www_Department1_University98_edu.owl,13,12,25
/media/nvme7n1/lniederberger/models/GLaMoR/GLaMoR-DataPipeline/data/ont_modules/University98_www_Department20_University98_edu.owl,13,12,25
/media/nvme7n1/lniederberger/models/GLaMoR/GLaMoR-DataPipeline/data/ont_modules/University98_www_Department21_University98_edu.owl,13,12,25
/media/nvme7n1/lniederberger/models/GLaMoR/GLaMoR-DataPipeline/data/ont_modules/University98_www_Department22_University98_edu.owl,13,12,25
/media/nvme7n1/lniederberger/models/GLaMoR/GLaMoR-DataPipeline/data/ont_modules/University98_www_Department23_University98_edu.owl,13,12,25
/media/nvme7n1/lniederberger/models/GLaMoR/GLaMoR-DataPipeline/data/ont_modules/University98_www_Department2_University98_edu.owl,13,12,25
/media/nvme7n1/lniederberger/models/GLaMoR/GLaMoR-DataPipeline/data/ont_modules/University98_www_Department3_University98_edu.owl,13,12,25
/media/nvme7n1/lniederberger/models/GLaMoR/GLaMoR-DataPipeline/data/ont_modules/University98_www_Department4_University98_edu.owl,13,12,25
/media/nvme7n1/lniederberger/models/GLaMoR/GLaMoR-DataPipeline/data/ont_modules/University98_www_Department5_University98_edu.owl,13,12,25
/media/nvme7n1/lniederberger/models/GLaMoR/GLaMoR-DataPipeline/data/ont_modules/University98_www_Department6_University98_edu.owl,13,12,25
/media/nvme7n1/lniederberger/models/GLaMoR/GLaMoR-DataPipeline/data/ont_modules/University98_www_Department7_University98_edu.owl,13,12,25
/media/nvme7n1/lniederberger/models/GLaMoR/GLaMoR-DataPipeline/data/ont_modules/University98_www_Department8_University98_edu.owl,13,12,25
/media/nvme7n1/lniederberger/models/GLaMoR/GLaMoR-DataPipeline/data/ont_modules/University98_www_Department9_University98_edu.owl,13,12,25
/media/nvme7n1/lniederberger/models/GLaMoR/GLaMoR-DataPipeline/data/ont_modules/University99_www_Department0_University99_edu.owl,13,12,25
/media/nvme7n1/lniederberger/models/GLaMoR/GLaMoR-DataPipeline/data/ont_modules/University99_www_Department10_University99_edu.owl,13,12,25
/media/nvme7n1/lniederberger/models/GLaMoR/GLaMoR-DataPipeline/data/ont_modules/University99_www_Department11_University99_edu.owl,13,12,25
/media/nvme7n1/lniederberger/models/GLaMoR/GLaMoR-DataPipeline/data/ont_modules/University99_www_Department12_University99_edu.owl,13,12,25
/media/nvme7n1/lniederberger/models/GLaMoR/GLaMoR-DataPipeline/data/ont_modules/University99_www_Department13_University99_edu.owl,13,12,25
/media/nvme7n1/lniederberger/models/GLaMoR/GLaMoR-DataPipeline/data/ont_modules/University99_www_Department14_University99_edu.owl,13,12,25
/media/nvme7n1/lniederberger/models/GLaMoR/GLaMoR-DataPipeline/data/ont_modules/University99_www_Department15_University99_edu.owl,13,12,25
/media/nvme7n1/lniederberger/models/GLaMoR/GLaMoR-DataPipeline/data/ont_modules/University99_www_Department16_University99_edu.owl,13,12,25
/media/nvme7n1/lniederberger/models/GLaMoR/GLaMoR-DataPipeline/data/ont_modules/University99_www_Department17_University99_edu.owl,13,12,25
/media/nvme7n1/lniederberger/models/GLaMoR/GLaMoR-DataPipeline/data/ont_modules/University99_www_Department1_University99_edu.owl,13,12,25
/media/nvme7n1/lniederberger/models/GLaMoR/GLaMoR-DataPipeline/data/ont_modules/University99_www_Department2_University99_edu.owl,13,12,25
/media/nvme7n1/lniederberger/models/GLaMoR/GLaMoR-DataPipeline/data/ont_modules/University99_www_Department3_University99_edu.owl,13,12,25
/media/nvme7n1/lniederberger/models/GLaMoR/GLaMoR-DataPipeline/data/ont_modules/University99_www_Department4_University99_edu.owl,13,12,25
/media/nvme7n1/lniederberger/models/GLaMoR/GLaMoR-DataPipeline/data/ont_modules/University99_www_Department5_University99_edu.owl,13,12,25
/media/nvme7n1/lniederberger/models/GLaMoR/GLaMoR-DataPipeline/data/ont_modules/University99_www_Department6_University99_edu.owl,13,12,25
/media/nvme7n1/lniederberger/models/GLaMoR/GLaMoR-DataPipeline/data/ont_modules/University99_www_Department7_University99_edu.owl,13,12,25
/media/nvme7n1/lniederberger/models/GLaMoR/GLaMoR-DataPipeline/data/ont_modules/University99_www_Department8_University99_edu.owl,13,12,25
/media/nvme7n1/lniederberger/models/GLaMoR/GLaMoR-DataPipeline/data/ont_modules/University99_www_Department9_University99_edu.owl,13,12,25
/media/nvme7n1/lniederberger/models/GLaMoR/GLaMoR-DataPipeline/data/ont_modules/University9_www_Department0_University9_edu.owl,13,12,25
/media/nvme7n1/lniederberger/models/GLaMoR/GLaMoR-DataPipeline/data/ont_modules/University9_www_Department10_University9_edu.owl,13,12,25
/media/nvme7n1/lniederberger/models/GLaMoR/GLaMoR-DataPipeline/data/ont_modules/University9_www_Department11_University9_edu.owl,13,12,25
/media/nvme7n1/lniederberger/models/GLaMoR/GLaMoR-DataPipeline/data/ont_modules/University9_www_Department12_University9_edu.owl,13,12,25
/media/nvme7n1/lniederberger/models/GLaMoR/GLaMoR-DataPipeline/data/ont_modules/University9_www_Department13_University9_edu.owl,13,12,25
/media/nvme7n1/lniederberger/models/GLaMoR/GLaMoR-DataPipeline/data/ont_modules/University9_www_Department14_University9_edu.owl,13,12,25
/media/nvme7n1/lniederberger/models/GLaMoR/GLaMoR-DataPipeline/data/ont_modules/University9_www_Department15_University9_edu.owl,13,12,25
/media/nvme7n1/lniederberger/models/GLaMoR/GLaMoR-DataPipeline/data/ont_modules/University9_www_Department16_University9_edu.owl,13,12,25
/media/nvme7n1/lniederberger/models/GLaMoR/GLaMoR-DataPipeline/data/ont_modules/University9_www_Department17_University9_edu.owl,13,12,25
/media/nvme7n1/lniederberger/models/GLaMoR/GLaMoR-DataPipeline/data/ont_modules/University9_www_Department18_University9_edu.owl,13,12,25
/media/nvme7n1/lniederberger/models/GLaMoR/GLaMoR-DataPipeline/data/ont_modules/University9_www_Department19_University9_edu.owl,13,12,25
/media/nvme7n1/lniederberger/models/GLaMoR/GLaMoR-DataPipeline/data/ont_modules/University9_www_Department1_University9_edu.owl,13,12,25
/media/nvme7n1/lniederberger/models/GLaMoR/GLaMoR-DataPipeline/data/ont_modules/University9_www_Department20_University9_edu.owl,13,12,25
/media/nvme7n1/lniederberger/models/GLaMoR/GLaMoR-DataPipeline/data/ont_modules/University9_www_Department21_University9_edu.owl,13,12,25
/media/nvme7n1/lniederberger/models/GLaMoR/GLaMoR-DataPipeline/data/ont_modules/University9_www_Department2_University9_edu.owl,13,12,25
/media/nvme7n1/lniederberger/models/GLaMoR/GLaMoR-DataPipeline/data/ont_modules/University9_www_Department3_University9_edu.owl,13,12,25
/media/nvme7n1/lniederberger/models/GLaMoR/GLaMoR-DataPipeline/data/ont_modules/University9_www_Department4_University9_edu.owl,13,12,25
/media/nvme7n1/lniederberger/models/GLaMoR/GLaMoR-DataPipeline/data/ont_modules/University9_www_Department5_University9_edu.owl,13,12,25
/media/nvme7n1/lniederberger/models/GLaMoR/GLaMoR-DataPipeline/data/ont_modules/University9_www_Department6_University9_edu.owl,13,12,25
/media/nvme7n1/lniederberger/models/GLaMoR/GLaMoR-DataPipeline/data/ont_modules/University9_www_Department7_University9_edu.owl,13,12,25
/media/nvme7n1/lniederberger/models/GLaMoR/GLaMoR-DataPipeline/data/ont_modules/University9_www_Department8_University9_edu.owl,13,12,25
/media/nvme7n1/lniederberger/models/GLaMoR/GLaMoR-DataPipeline/data/ont_modules/University9_www_Department9_University9_edu.owl,13,12,25
